disease,feature,lgb,cat,xgb,avg
diabetes,adl,0,0.11742093524067752,0.0042537055,0.04055821357950288
diabetes,adl_decline_lag1,1,0.07490850350445187,0.004329088,0.35974586388281876
diabetes,adl_lag1,0,0.0,0.0036735865,0.0012245288429160912
diabetes,adl_lag2,0,0.0,0.0030318156,0.001010605211680134
diabetes,adl_worsening,0,0.04692074055344677,0.00467505,0.017198596784624178
diabetes,age,12,3.328810232302719,0.005534853,5.111448361719209
diabetes,age_squared,0,3.125493883687059,0.0053800293,1.0436246376705005
diabetes,age_x_bmi,0,3.5850354328367118,0.0053531434,1.1967961920918029
diabetes,age_x_cesd,2,0.6630921826039666,0.0043658842,0.8891526889457442
diabetes,any_adl,0,0.07476480637246341,0.004375806,0.026380204150259396
diabetes,any_iadl,0,0.17111597703729928,0.00311566,0.05807721236086508
diabetes,any_mobility,0,0.258944171548731,0.0031703934,0.08737152165202527
diabetes,birth_year,3,1.8830789503232026,0.0045015207,1.6291934903264174
diabetes,bmi,14,17.811635971199774,0.029015176,10.613550382399328
diabetes,bmi_accel,2,0.7112837753162728,0.0041872,0.905156991844904
diabetes,bmi_delta_lag1,0,0.3025659140099413,0.003896945,0.10215428631108923
diabetes,bmi_delta_lag2,3,0.39748304217205876,0.004182881,1.1338886411273528
diabetes,bmi_lag1,4,3.294319748583818,0.010985748,2.435101832164951
diabetes,bmi_lag2,5,2.021474726534121,0.006246821,2.342573849185882
diabetes,bmi_x_smoking,0,0.7513435175841895,0.0051921504,0.2521785559820085
diabetes,cesd,1,0.5730699764193833,0.0049979407,0.5260226390511374
diabetes,cesd_increase,0,0.15737937683140094,0.003881218,0.05375353158108014
diabetes,cesd_lag1,0,0.3652911702378022,0.004446482,0.12324588401933272
diabetes,cesd_lag2,1,0.11626043668837874,0.0040749907,0.373445142479246
diabetes,cesd_worsening,0,0.0,0.0039109658,0.0013036552506188552
diabetes,chronic_depression,0,0.0883720930267208,0.0059952443,0.031455779093382534
diabetes,cog_decline_lag1,0,0.04595094567305948,0.0034700101,0.01647365193240214
diabetes,cog_decline_lag2,0,0.1323450116905477,0.004189716,0.04551157595897404
diabetes,cog_decline_x_age,2,0.2336613887602398,0.004085545,0.7459156445742252
diabetes,cog_worsening,0,0.1565839143502271,0.0013646518,0.05264952206160644
diabetes,cognition,2,0.8886315178488572,0.004928059,0.9645198589311667
diabetes,cognition_lag1,0,0.45575592392049935,0.004652588,0.1534695040276902
diabetes,cognition_lag2,0,0.4485659792197996,0.0046365825,0.1510675205575345
diabetes,condition_count,7,4.717370139792514,0.0067090215,3.908026387102886
diabetes,condition_count_lag1,1,1.070605712255859,0.0070939655,0.6925665592658102
diabetes,condition_count_lag2,2,0.13747292705091013,0.005580097,0.7143510080073846
diabetes,current_smoker,0,0.0,0.0034381526,0.0011460508685559034
diabetes,current_smoker_lag1,0,0.17285419342281513,0.005407837,0.05942067688078381
diabetes,current_smoker_lag2,0,0.04863937210254465,0.003522627,0.017387333052729877
diabetes,degree,0,0.40201632958590383,0.004559497,0.13552527548973559
diabetes,delayed_recall,1,0.6601229259545495,0.004124133,0.5547490196236269
diabetes,delayed_recall_lag1,0,0.5400947766469036,0.004705768,0.18160018157515642
diabetes,delayed_recall_lag2,0,0.2449699351340021,0.0036283662,0.0828661004317133
diabetes,depressed,0,0.04389561766114942,0.004122535,0.01600605096453465
diabetes,depressed_lag1,0,0.0522729869639564,0.003355891,0.01854295931402804
diabetes,depressed_lag2,1,0.3388457860761119,0.004711829,0.44785253840066436
diabetes,depression_x_mobility,2,0.21614612519956508,0.004053324,0.7400664830649624
diabetes,drink_days_week,1,0.792549230431367,0.0053877193,0.5993123165621026
diabetes,drink_days_week_lag1,0,0.36326787613213896,0.0048940377,0.12272063795437693
diabetes,drink_days_week_lag2,1,0.41722241452778014,0.0045624385,0.473928284331145
diabetes,drinks_per_day,2,1.4284818668168855,0.00633571,1.1449391923307404
diabetes,drinks_per_day_lag1,2,1.441665361434706,0.006475911,1.1493804241482541
diabetes,drinks_per_day_lag2,1,0.6978867083659402,0.005001182,0.5676292968560633
diabetes,drinks_per_week,3,1.4929315517372204,0.0058667823,1.499599444670439
diabetes,edu_cat,0,0.12244786027276898,0.00456464,0.042337500128330076
diabetes,education,2,1.2874264377827735,0.0054810285,1.097635822082155
diabetes,effort,1,0.21635775426800452,0.0048508677,0.40706954064601125
diabetes,effort_lag1,1,0.0823257651765372,0.0046504894,0.3623254182012288
diabetes,effort_lag2,0,0.10277510099903776,0.0036399458,0.03547168225313569
diabetes,elevated_depression,0,0.07678087679358,4.5658053e-05,0.025608844948806914
diabetes,ethnicity,1,5.693393764320381,0.014776727,2.236056830501678
diabetes,ever_smoked,0,0.1350661381011184,0.0040163817,0.0463608399298448
diabetes,ever_smoked_lag1,1,0.04991179229779478,0.003951058,0.35128761669650155
diabetes,ever_smoked_lag2,0,0.1282817531708521,0.0044629504,0.04424823452271165
diabetes,female,0,1.5549003623282136,0.0049621216,0.5199541613101205
diabetes,fine_motor,0,0.07961580094330684,0.004270504,0.027962101724025856
diabetes,fine_motor_lag1,0,0.11602267985558676,0.004369567,0.04013074900132473
diabetes,fine_motor_lag2,1,0.0,0.0035522329,0.33451741095632315
diabetes,former_smoker,0,0.033337032631305025,0.0039494974,0.012428843330680386
diabetes,frailty_score,1,0.41240347621399703,0.0044245026,0.47227599294047734
diabetes,gross_motor,0,0.16697617497603456,0.00377579,0.05691732169231726
diabetes,gross_motor_lag1,0,0.09076382548761404,0.0037574323,0.03150708594120057
diabetes,gross_motor_lag2,0,0.03901495770901201,0.0043966826,0.014470546771386457
diabetes,health_crash,0,0.05106928965043761,0.0051406543,0.018736647975831355
diabetes,health_decline_lag1,0,0.1028643852684929,0.0040279482,0.035630777839208115
diabetes,health_decline_lag2,0,0.35798321886105106,0.004098244,0.12069382095748439
diabetes,health_worsening,0,0.0444862494945749,0.0027992332,0.015761827561142524
diabetes,heavy_drinking,0,0.07414917794266444,0.0048230276,0.026324068528990288
diabetes,height,1,1.2178911865676485,0.0043868893,0.7407593586167541
diabetes,height_lag1,1,0.612514277585565,0.0045131673,0.5390091482986904
diabetes,height_lag2,0,0.912668328292878,0.004402071,0.3056901330215936
diabetes,high_depression,0,0.14291873373085692,0.00026225208,0.04772699527168977
diabetes,iadl,1,0.0,0.004763852,0.33492128395785886
diabetes,iadl_decline_lag1,0,0.2541774668575188,0.0037173983,0.0859649550428278
diabetes,iadl_lag1,1,0.02553098069775979,0.004241339,0.3432574398762613
diabetes,iadl_lag2,0,0.05829215151986618,0.0035439234,0.02061202496533142
diabetes,iadl_worsening,0,0.11545896840184311,0.0,0.03848632280061437
diabetes,immediate_recall,0,0.760132563450019,0.0041196845,0.25475074930135755
diabetes,immediate_recall_lag1,0,0.16808239109750897,0.0042544687,0.057445619938063325
diabetes,immediate_recall_lag2,0,0.08793822978726905,0.0043202383,0.030752822679502703
diabetes,large_muscle,0,0.23599669002317847,0.004470904,0.08015586463841617
diabetes,large_muscle_lag1,3,0.0,0.0037225187,1.0012408395608265
diabetes,large_muscle_lag2,1,0.21582911075428163,0.0036167,0.4064819369010628
diabetes,lonely,0,0.04519592468451517,0.0036127458,0.01626955682353363
diabetes,lonely_lag1,0,0.0,0.0034035286,0.0011345095311601956
diabetes,lonely_lag2,0,0.0,0.0036921485,0.0012307161620507638
diabetes,low_cognition,0,0.10609614414507872,0.0022721812,0.036122775119326926
diabetes,marital_status,0,0.27845203266897284,0.0037493776,0.09406713674294777
diabetes,marital_status_lag1,0,0.11075302299991073,0.003944724,0.03823258228893022
diabetes,marital_status_lag2,2,0.3322362254432409,0.0041597323,0.7787986525664419
diabetes,memory_decline_lag1,1,0.24962752032550242,0.004080292,0.4179026040543188
diabetes,memory_recall,1,1.0511575870819345,0.004946766,0.6853681176791574
diabetes,memory_recall_lag1,4,0.6994897412206699,0.0047611254,1.568083622215803
diabetes,memory_recall_lag2,0,0.3602865399291366,0.004142068,0.12147620259664953
diabetes,memory_worsening,0,0.1778792982915646,0.002583633,0.06015431041190545
diabetes,metabolic_risk,0,0.11050300766451322,0.07479797,0.06176699356709309
diabetes,mobility,0,0.2690321858656203,0.0046852175,0.0912391344600848
diabetes,mobility_decline_lag1,0,0.09606263448626833,0.0036446822,0.033235772240140495
diabetes,mobility_lag1,1,0.22812606181400588,0.0030570312,0.410394364335918
diabetes,mobility_lag2,0,0.22998037249347425,0.0041520353,0.07804413594471367
diabetes,mobility_worsening,0,0.2616064105188796,0.0030284068,0.08821160576015542
diabetes,new_adl_problem,0,0.05263244735788095,0.004284809,0.0189724187452455
diabetes,new_iadl_problem,0,0.0,0.004303266,0.0014344219428797562
diabetes,new_mobility_problem,0,0.04833607685048043,0.0039134193,0.017416498723886606
diabetes,obese,0,0.24626383727394413,0.22454774,0.15693719369041545
diabetes,out_of_pocket,0,1.3896730177132568,0.0041307677,0.46460126179053657
diabetes,out_of_pocket_lag1,1,0.6960556777110368,0.003903141,0.566652939574484
diabetes,out_of_pocket_lag2,1,0.28776049859897507,0.0039782673,0.4305795886370083
diabetes,overweight,0,2.0507273397991903,0.045905456,0.6988775985820376
diabetes,quit_smoking,0,0.33133851087352184,0.0036743942,0.11167096836392432
diabetes,rapid_weight_gain,0,0.040554128529611655,0.006096028,0.015550052107037249
diabetes,rapid_weight_loss,0,0.17496371120518425,0.0010499568,0.05867122265922023
diabetes,restless_sleep,0,0.03974721443651174,0.0040495265,0.014598913654678579
diabetes,restless_sleep_lag1,0,0.0,0.003989448,0.0013298159465193748
diabetes,restless_sleep_lag2,0,0.090552676314898,0.002914247,0.031155641139311147
diabetes,screening_month,2,1.2340605784906462,0.0041637346,1.0794081043684984
diabetes,screening_year,0,1.190447916549167,0.0044258707,0.3982912624231547
diabetes,self_health_comp,0,0.07198067966901801,0.004052784,0.025344487832415576
diabetes,self_health_comp_lag1,0,0.016726810537670826,0.0037327246,0.0068198450395282025
diabetes,self_health_comp_lag2,0,0.363173426544891,0.003852409,0.12234194520756642
diabetes,self_rated_health,5,3.4480685380146583,0.008831026,2.818966521349075
diabetes,self_rated_health_lag1,1,0.8760716607601987,0.004982287,0.6270179826081311
diabetes,self_rated_health_lag2,2,0.46638740580761295,0.005262907,0.8238834376454647
diabetes,serial7,0,0.305842181014397,0.0039660665,0.10326941584501936
diabetes,serial7_lag1,1,0.4984125534941338,0.00492108,0.5011112111910211
diabetes,serial7_lag2,0,0.28575814693840035,0.004321686,0.09669327764352721
diabetes,sharp_cog_drop,0,0.0,0.0,0.0
diabetes,vigorous_activity,0,1.0117568123790097,0.004286269,0.33868102719022075
diabetes,vigorous_activity_lag1,0,0.30980775508927144,0.004315645,0.10470780001919083
diabetes,vigorous_activity_lag2,2,0.5762875454485267,0.0049199327,0.8604024927126814
diabetes,weight,3,2.661428258758158,0.006152599,1.8891936192922694
diabetes,weight_change_kg,0,0.4029582832376618,0.0040650996,0.13567446095853908
diabetes,weight_change_pct,0,0.3569988589063464,0.0039064693,0.12030177607760424
diabetes,weight_lag1,0,1.2276364573789225,0.0045997906,0.4107454159778054
diabetes,weight_lag2,3,0.30923100120130187,0.0044157295,1.1045489102500279
diabetes,working,0,0.07498412541127723,0.0042322986,0.02640547466468984
diabetes,working_lag1,0,0.03183013781192076,0.0030418655,0.011624001116287946
diabetes,working_lag2,0,0.16785762367867318,0.0033620757,0.05707323311239609
diabetes,years_since_last_screening,2,0.6705463598983407,0.0039746505,0.8915070034730573
cvd,adl,0,0.14356116447774117,0.004199646,0.04925360347513538
cvd,adl_decline_lag1,1,0.0,0.005682065,0.33522735505054396
cvd,adl_lag1,1,0.1479673664803135,0.00520763,0.38439166545155407
cvd,adl_lag2,1,0.0,0.004816723,0.3349389076853792
cvd,adl_worsening,0,0.0,0.0079736095,0.002657869830727577
cvd,age,3,7.375032678251154,0.02425676,3.466429812835219
cvd,age_squared,1,3.4984050632605057,0.02307267,1.5071592441810207
cvd,age_x_bmi,1,1.0235096611943562,0.005982213,0.6764972914607729
cvd,age_x_cesd,3,0.3076876404024351,0.0054854536,1.1043910313484466
cvd,any_adl,0,0.11066273844729672,0.010298507,0.040320415245131684
cvd,any_iadl,0,0.12616377168358933,0.0055565313,0.043906767644688725
cvd,any_mobility,0,3.6701306293972826,0.021432133,1.230520920929594
cvd,birth_year,26,15.164843412745213,0.014840639,13.726561350647183
cvd,bmi,4,0.21114901734830946,0.0054749856,1.4055413343084917
cvd,bmi_accel,1,0.04743145935052896,0.005219176,0.35088354509883213
cvd,bmi_delta_lag1,2,0.20615713866575297,0.0057094805,0.7372888730533379
cvd,bmi_delta_lag2,0,0.20347536145036377,0.0055742254,0.0696831956328119
cvd,bmi_lag1,1,0.0,0.0055686305,0.33518954350923497
cvd,bmi_lag2,3,0.08102834768073543,0.005665763,1.02889803683212
cvd,bmi_x_smoking,5,2.4980003828757087,0.0076881023,2.501896161729365
cvd,cesd,0,0.0,0.005472039,0.0018240129575133324
cvd,cesd_increase,0,0.04277966505076046,0.005581369,0.016120344736213668
cvd,cesd_lag1,0,0.14342695024274857,0.005757928,0.04972829271244695
cvd,cesd_lag2,0,0.0,0.0054557123,0.0018185707740485668
cvd,cesd_worsening,1,0.0,0.0043770717,0.33479235724856454
cvd,chronic_depression,0,0.09727676772288056,0.0020956625,0.03312414341531387
cvd,cog_decline_lag1,2,0.0,0.005136449,0.668378816296657
cvd,cog_decline_lag2,0,0.0,0.005213864,0.0017379547158877056
cvd,cog_decline_x_age,1,0.08953973827621281,0.005559864,0.36503320075484097
cvd,cog_worsening,0,0.0,0.0039972,0.0013324000562230747
cvd,cognition,2,0.09215767344016362,0.005564156,0.6992406098095195
cvd,cognition_lag1,1,0.0,0.0053989612,0.3351329870832463
cvd,cognition_lag2,1,0.20676451661352208,0.0055328403,0.4040991189601153
cvd,condition_count,8,19.185344067014082,0.044356566,9.076566877645527
cvd,condition_count_lag1,5,0.5173464224898899,0.013848571,1.8437316645322273
cvd,condition_count_lag2,0,0.0,0.0070038023,0.002334600780159235
cvd,current_smoker,1,0.2985330952023317,0.0068616574,0.4351315841907379
cvd,current_smoker_lag1,0,0.0,0.006154787,0.0020515955984592438
cvd,current_smoker_lag2,0,0.0,0.0059842668,0.001994755584746599
cvd,degree,3,0.823583819562098,0.0062950184,1.276626279308614
cvd,delayed_recall,0,0.08288986342718381,0.005736838,0.02954223384069131
cvd,delayed_recall_lag1,1,0.08474969380722214,0.0055092284,0.3634196407509372
cvd,delayed_recall_lag2,0,0.0,0.005799548,0.0019331825897097588
cvd,depressed,0,0.0,0.005815132,0.0019383773518105347
cvd,depressed_lag1,0,0.0,0.0057007447,0.0019002482295036316
cvd,depressed_lag2,0,0.0,0.0055760727,0.0018586909087995689
cvd,depression_x_mobility,5,1.090030863293179,0.0072717476,2.032434203621221
cvd,drink_days_week,1,0.12843601496055976,0.005934038,0.378123351053348
cvd,drink_days_week_lag1,0,0.0970976245553103,0.005364496,0.03415404011684348
cvd,drink_days_week_lag2,3,0.0,0.0055467263,1.0018489087621372
cvd,drinks_per_day,2,0.3845462547079451,0.0057013854,0.7967492133821291
cvd,drinks_per_day_lag1,0,0.0,0.005954706,0.0019849020366867385
cvd,drinks_per_day_lag2,1,0.12408896282299738,0.00583817,0.37664237766831904
cvd,drinks_per_week,0,0.28000288766316,0.0059828195,0.09532856904737295
cvd,edu_cat,0,0.4870316278213682,0.0061620586,0.16439789546113617
cvd,education,1,0.4305928792930234,0.00637252,0.4789884663539326
cvd,effort,0,0.0,0.0058078463,0.001935948772976796
cvd,effort_lag1,2,0.0608875391669555,0.005346195,0.6887445780026411
cvd,effort_lag2,0,0.0,0.0046219975,0.001540665825208028
cvd,elevated_depression,0,0.07029726569155328,0.0020959396,0.024131068427693424
cvd,ethnicity,0,3.393251902843584,0.008594599,1.1339488338215713
cvd,ever_smoked,2,0.6557303594682257,0.0070071323,0.8875791639175229
cvd,ever_smoked_lag1,1,0.41026082141027115,0.0059043383,0.4720550532442837
cvd,ever_smoked_lag2,0,0.0,0.0061603324,0.0020534441185494265
cvd,female,5,5.315630756873257,0.010700827,3.4421105281125732
cvd,fine_motor,0,0.08210335604109721,0.005466824,0.029190059990960218
cvd,fine_motor_lag1,0,0.0,0.005275393,0.0017584643016258876
cvd,fine_motor_lag2,1,0.0,0.0066459123,0.3355486374348402
cvd,former_smoker,0,0.2694369716447505,0.0046684262,0.0913684659596752
cvd,frailty_score,4,0.8650137748070413,0.00914184,1.6247185382825748
cvd,gross_motor,1,0.13526279865111768,0.010583451,0.38194874988961836
cvd,gross_motor_lag1,0,0.058577504048159354,0.0047282036,0.021101902562515814
cvd,gross_motor_lag2,0,0.26428293801139674,0.008706606,0.09099651466820267
cvd,health_crash,0,0.0,0.005908419,0.001969472970813513
cvd,health_decline_lag1,1,0.0,0.0054582315,0.33515274384990335
cvd,health_decline_lag2,0,0.0,0.0055511203,0.001850373422106107
cvd,health_worsening,0,0.0,0.007888593,0.002629530926545461
cvd,heavy_drinking,0,0.0,0.004935954,0.001645318077256282
cvd,height,3,1.4545837997450732,0.006656046,1.487079948590176
cvd,height_lag1,5,0.8463140623350522,0.007222808,1.951178956767075
cvd,height_lag2,5,1.8809303345144326,0.008156508,2.296362280907251
cvd,high_depression,0,0.1459585467755757,0.0,0.0486528489251919
cvd,iadl,0,0.0,0.0063428893,0.0021142964251339436
cvd,iadl_decline_lag1,0,0.0,0.0048623695,0.0016207898346086342
cvd,iadl_lag1,0,0.06493538300057032,0.005070519,0.023335300722833404
cvd,iadl_lag2,0,0.0,0.0047330773,0.0015776924168070157
cvd,iadl_worsening,0,0.07270875844982877,0.004327293,0.02567868382319018
cvd,immediate_recall,0,0.0674027109060126,0.00548376,0.024295490312938473
cvd,immediate_recall_lag1,0,0.08736351513377069,0.0055083316,0.030957282238573625
cvd,immediate_recall_lag2,0,0.24770976765765593,0.005605841,0.0844385362377228
cvd,large_muscle,0,0.49348530076404934,0.0068162754,0.16676719206061805
cvd,large_muscle_lag1,0,0.18789463088963554,0.0064912597,0.06479529685379441
cvd,large_muscle_lag2,2,0.10476062018458586,0.0058854013,0.7035486738198649
cvd,lonely,0,0.0,0.005183781,0.0017279270105063915
cvd,lonely_lag1,0,0.07888924742663586,0.0054017757,0.028097007711065092
cvd,lonely_lag2,0,0.09823725290567946,0.006888094,0.03504178226605479
cvd,low_cognition,0,0.2620191765678237,0.0045117536,0.08884364337688717
cvd,marital_status,1,0.7755963961748641,0.0064408425,0.5940124128996783
cvd,marital_status_lag1,0,0.1347339021547076,0.006020027,0.0469179764558354
cvd,marital_status_lag2,1,0.10916850860918428,0.0062939846,0.37182083106829017
cvd,memory_decline_lag1,0,0.0,0.0052930573,0.0017643524333834648
cvd,memory_recall,0,0.0479928631445925,0.005765055,0.017919305995062345
cvd,memory_recall_lag1,0,0.3454502526965959,0.0061938525,0.11721470173811659
cvd,memory_recall_lag2,2,0.3693983577024844,0.0057597714,0.7917193763833711
cvd,memory_worsening,0,0.0,0.00450288,0.001500959973782301
cvd,metabolic_risk,0,0.0,0.01111149,0.003703830142815908
cvd,mobility,3,2.394741721905541,0.017752312,1.8041646780097722
cvd,mobility_decline_lag1,0,0.0,0.0058402717,0.0019467572371164958
cvd,mobility_lag1,1,0.5082417050738759,0.007829638,0.5053571144239647
cvd,mobility_lag2,3,0.4395157141114961,0.0068215,1.1487790714163149
cvd,mobility_worsening,0,0.06636624847558456,0.004107087,0.023491111798277554
cvd,new_adl_problem,0,0.08166750174351807,0.0057688286,0.029145443434394982
cvd,new_iadl_problem,0,0.07035510489840406,0.0066729775,0.02567602745608852
cvd,new_mobility_problem,0,0.135981774316979,0.0051108054,0.047030859901839674
cvd,obese,0,0.13118276382997598,0.0027864769,0.04465641356450805
cvd,out_of_pocket,4,0.9471294532904491,0.0056243907,1.6509179479877805
cvd,out_of_pocket_lag1,6,0.6930609846101051,0.005830696,2.232963893487581
cvd,out_of_pocket_lag2,3,1.5495867482221897,0.006072552,1.5185531000551837
cvd,overweight,0,0.0,0.004489312,0.001496437316139539
cvd,quit_smoking,0,0.0,0.0057314043,0.0019104680977761745
cvd,rapid_weight_gain,0,0.0,0.0037333034,0.0012444344659646351
cvd,rapid_weight_loss,0,0.0,0.0,0.0
cvd,restless_sleep,0,0.0,0.0051578977,0.0017192992381751537
cvd,restless_sleep_lag1,0,0.06527183974651543,0.005361516,0.023544451925052695
cvd,restless_sleep_lag2,0,0.0,0.0056441426,0.0018813808759053547
cvd,screening_month,0,0.09575266021494289,0.0053303563,0.033694338839515114
cvd,screening_year,1,1.0362990993387708,0.006762822,0.6810206404991351
cvd,self_health_comp,1,0.14988867248784882,0.005745184,0.38521128554333045
cvd,self_health_comp_lag1,0,0.0,0.0054701795,0.0018233931623399258
cvd,self_health_comp_lag2,0,0.05280956134953231,0.0056760684,0.019495209905035397
cvd,self_rated_health,5,8.348033763340885,0.016205635,4.454746466087558
cvd,self_rated_health_lag1,6,0.6953293434974039,0.008639095,2.2346561462828345
cvd,self_rated_health_lag2,6,1.3477833943413926,0.009158885,2.4523140931492793
cvd,serial7,2,0.09086463685871564,0.0056798914,0.6988481761011528
cvd,serial7_lag1,1,0.0,0.00527447,0.33509148998806876
cvd,serial7_lag2,2,0.0,0.0054416107,0.6684805369004607
cvd,sharp_cog_drop,0,0.0,0.006967921,0.0023226402699947357
cvd,vigorous_activity,2,0.09161625035722434,0.006531097,0.6993824491173671
cvd,vigorous_activity_lag1,1,0.19397833198319941,0.0064540906,0.40014414085699807
cvd,vigorous_activity_lag2,0,0.1461790116190687,0.0057788626,0.05065262474938483
cvd,weight,4,0.210866707188002,0.0057238447,1.405530183978664
cvd,weight_change_kg,1,0.06298707607957006,0.0057820664,0.3562563808194375
cvd,weight_change_pct,0,0.3230478145536572,0.0052317777,0.10942653074179393
cvd,weight_lag1,1,0.33650475659976115,0.005991708,0.4474988215404574
cvd,weight_lag2,4,0.5055035873848581,0.00651576,1.5040064491198588
cvd,working,1,0.0,0.0061341804,0.33537806011736393
cvd,working_lag1,0,0.20511221528415452,0.0052657435,0.07012598625194554
cvd,working_lag2,0,0.0,0.005198218,0.0017327393094698589
cvd,years_since_last_screening,0,0.06664695922225444,0.005359557,0.02400217207128713
stroke,adl,0,0.0,0.0055324077,0.0018441358891626198
stroke,adl_decline_lag1,0,0.0,0.0052042603,0.0017347534497578938
stroke,adl_lag1,0,0.0,0.005594819,0.0018649396176139514
stroke,adl_lag2,0,0.0,0.005386805,0.0017956017206112544
stroke,adl_worsening,0,0.0,0.0043611196,0.0014537065289914608
stroke,age,3,11.950865150192868,0.031674836,4.994179995341265
stroke,age_squared,0,12.621849447549778,0.028038915,4.216629454265501
stroke,age_x_bmi,0,1.2211992151639415,0.0062314477,0.4091435542819087
stroke,age_x_cesd,1,0.2783207413785062,0.005444309,0.4279216835290161
stroke,any_adl,0,0.0,0.004464829,0.0014882762916386127
stroke,any_iadl,0,0.16032597409590665,0.008319418,0.056215130680649095
stroke,any_mobility,0,0.28313423373034585,0.004888293,0.09600750886601206
stroke,birth_year,2,5.058591974195875,0.009281498,2.35595782419196
stroke,bmi,2,0.7613761452373118,0.005550214,0.922308786442255
stroke,bmi_accel,0,0.05749878226017372,0.004928404,0.020809062086610052
stroke,bmi_delta_lag1,0,0.16202924404903082,0.0051326673,0.055720637101229126
stroke,bmi_delta_lag2,0,0.0799240741229999,0.0054030376,0.02844237059054931
stroke,bmi_lag1,4,0.20432709442980065,0.0057028816,1.4033433253459864
stroke,bmi_lag2,0,0.27083943025678453,0.0055826507,0.09214069363817591
stroke,bmi_x_smoking,1,3.91788523539256,0.012181514,1.6433555831117796
stroke,cesd,1,0.0,0.0051042703,0.3350347567660113
stroke,cesd_increase,0,0.0,0.006288521,0.002096173663934072
stroke,cesd_lag1,0,0.06921315650650905,0.0060242196,0.025079125355959093
stroke,cesd_lag2,0,0.10419406582261437,0.0049988464,0.03639763742261567
stroke,cesd_worsening,0,0.0,0.0038051875,0.0012683958436052005
stroke,chronic_depression,0,0.0,0.005879324,0.0019597746431827545
stroke,cog_decline_lag1,0,0.0,0.005380879,0.001793626385430495
stroke,cog_decline_lag2,0,0.0,0.005015232,0.0016717440448701382
stroke,cog_decline_x_age,0,0.10045344832528515,0.005439308,0.03529758544386719
stroke,cog_worsening,0,0.0,0.0032768694,0.0010922898072749376
stroke,cognition,3,3.0887043180047917,0.008424491,2.032376269565008
stroke,cognition_lag1,0,0.40941288420769845,0.007864165,0.13909234977584176
stroke,cognition_lag2,0,0.5942883629132034,0.0065633957,0.2002839195468764
stroke,condition_count,2,13.325593771302307,0.02664142,5.117411730153231
stroke,condition_count_lag1,2,1.3965494247207761,0.011499573,1.136016332422022
stroke,condition_count_lag2,1,0.5772299780088487,0.006278895,0.5278362909501731
stroke,current_smoker,0,1.3025146236616403,0.018909689,0.44047477090021075
stroke,current_smoker_lag1,0,0.21427523447885835,0.009186089,0.07448710783923575
stroke,current_smoker_lag2,0,0.08126868983067663,0.010069558,0.030446082742537364
stroke,degree,0,0.7525527929630458,0.0059158555,0.2528228828287482
stroke,delayed_recall,0,1.0210418989122374,0.0066596814,0.3425671934517875
stroke,delayed_recall_lag1,2,0.40321879420301887,0.0062669385,0.8031619109084923
stroke,delayed_recall_lag2,1,0.0,0.0067695715,0.33558985715111095
stroke,depressed,0,0.0,0.0042294357,0.0014098118990659714
stroke,depressed_lag1,0,0.0,0.005288588,0.0017628626277049382
stroke,depressed_lag2,0,0.20447954522523662,0.0076002404,0.07069326187820361
stroke,depression_x_mobility,1,0.0,0.005649235,0.33521641169985134
stroke,drink_days_week,0,0.10495095998314477,0.006295867,0.037082275593918086
stroke,drink_days_week_lag1,0,0.14292638885812178,0.0060429717,0.04965645353317663
stroke,drink_days_week_lag2,0,0.0,0.005736864,0.0019122880573074024
stroke,drinks_per_day,0,0.2923758938392798,0.0056410003,0.0993389647282097
stroke,drinks_per_day_lag1,0,0.0,0.0065277102,0.0021759034134447575
stroke,drinks_per_day_lag2,0,0.35031631439045646,0.0061950716,0.11883712866982016
stroke,drinks_per_week,3,0.1772181135808441,0.007247638,1.0614885838460595
stroke,edu_cat,0,0.0,0.004992753,0.0016642509338756402
stroke,education,2,0.4941521324864512,0.0063198823,0.8334906716115437
stroke,effort,0,0.0,0.0046887426,0.0015629141901930173
stroke,effort_lag1,0,0.43334634276473616,0.0072733085,0.14687321707728537
stroke,effort_lag2,0,0.16897655825597824,0.004250745,0.05774243435978155
stroke,elevated_depression,0,0.09768807955103237,0.0039918125,0.03389329733953581
stroke,ethnicity,0,0.44893355796953976,0.0089464225,0.1526266601523457
stroke,ever_smoked,0,0.25193229261730815,0.006150548,0.08602761349932918
stroke,ever_smoked_lag1,0,0.0,0.005587246,0.0018624152677754562
stroke,ever_smoked_lag2,0,0.0,0.006044825,0.0020149416911105313
stroke,female,2,4.175572222299037,0.011115963,2.062229394979496
stroke,fine_motor,0,0.0,0.00498486,0.0016616199476023514
stroke,fine_motor_lag1,0,0.0,0.006630852,0.0022102839623888335
stroke,fine_motor_lag2,0,0.0,0.0041066767,0.001368892223884662
stroke,former_smoker,0,0.0,0.0048544724,0.0016181574513514836
stroke,frailty_score,0,0.0,0.005144312,0.001714770682156086
stroke,gross_motor,1,0.7053668856641293,0.015013636,0.5734601739179969
stroke,gross_motor_lag1,0,0.0,0.0045491424,0.001516380812972784
stroke,gross_motor_lag2,0,0.11834951350502397,0.0058869333,0.04141214893522271
stroke,health_crash,0,0.0,0.004311388,0.0014371292976041634
stroke,health_decline_lag1,0,0.0,0.0045797396,0.0015265798817078273
stroke,health_decline_lag2,2,0.0,0.006252599,0.6687508663162589
stroke,health_worsening,0,0.0,0.005020354,0.0016734513143698375
stroke,heavy_drinking,0,0.0,0.0047494373,0.0015831457761426766
stroke,height,3,0.981463275881395,0.0063846363,1.3292826373856217
stroke,height_lag1,0,0.35523093988192317,0.0063083004,0.12051308010085503
stroke,height_lag2,2,0.11759403732092998,0.006262095,0.7079520441667796
stroke,high_depression,0,0.0,0.0014600806,0.00048669353903581697
stroke,iadl,0,0.0,0.006673659,0.002224553065995375
stroke,iadl_decline_lag1,0,0.0,0.0055008032,0.001833601078639428
stroke,iadl_lag1,1,0.12660357224416516,0.005592997,0.3773988564766837
stroke,iadl_lag2,0,0.0,0.0041311383,0.0013770461082458496
stroke,iadl_worsening,0,0.10174690260197577,0.0032880867,0.03501166311285018
stroke,immediate_recall,0,0.3160361596533386,0.0072206287,0.10775226277489557
stroke,immediate_recall_lag1,0,0.5613109660542909,0.00730163,0.18953753201363496
stroke,immediate_recall_lag2,0,0.37823461926764734,0.0071004387,0.12844501932225785
stroke,large_muscle,1,0.4372854239363841,0.006182347,0.48115592363168375
stroke,large_muscle_lag1,0,0.1489199206917422,0.005653096,0.05152433886300978
stroke,large_muscle_lag2,0,0.10255727234743776,0.005196451,0.035917907852307765
stroke,lonely,0,0.0,0.005144038,0.0017146792573233445
stroke,lonely_lag1,0,0.0,0.005847708,0.001949235952148835
stroke,lonely_lag2,0,0.19896482576123925,0.007530679,0.06883183491873096
stroke,low_cognition,0,0.2929579552156538,0.0021628868,0.09837361399971149
stroke,marital_status,0,1.1365655238908825,0.0067578848,0.38110780288096263
stroke,marital_status_lag1,0,0.21257843444636532,0.006240775,0.0729397364412449
stroke,marital_status_lag2,0,0.4024128815746348,0.0067187794,0.1363772203410182
stroke,memory_decline_lag1,0,0.0,0.0060787466,0.002026248878488938
stroke,memory_recall,2,3.3687424185534094,0.0098595815,1.7928673333437832
stroke,memory_recall_lag1,1,0.4124522583509082,0.0062167966,0.47288968497720346
stroke,memory_recall_lag2,0,0.510165039885183,0.0067230617,0.1722960338516003
stroke,memory_worsening,0,0.0,0.0028521908,0.0009507302505274614
stroke,metabolic_risk,0,0.0,0.009692501,0.003230833758910497
stroke,mobility,0,2.159981721048808,0.015241692,0.7250744709638277
stroke,mobility_decline_lag1,1,0.0,0.005637348,0.33521244938795763
stroke,mobility_lag1,0,0.0,0.0058030337,0.0019343445698420207
stroke,mobility_lag2,1,0.15143051807956703,0.0056828177,0.385704445246613
stroke,mobility_worsening,0,0.176995685104329,0.0065347557,0.06117681359998008
stroke,new_adl_problem,0,0.0,0.0053990157,0.0017996719107031822
stroke,new_iadl_problem,0,0.0,0.0055113006,0.0018371002127726872
stroke,new_mobility_problem,0,0.3125184164478606,0.005220739,0.10591305187292317
stroke,obese,0,0.1946469667919875,0.0010007008,0.06521588918110234
stroke,out_of_pocket,0,0.4618780470790101,0.0057052076,0.15586108488843284
stroke,out_of_pocket_lag1,3,0.7765697527414076,0.0058384463,1.2608027330201703
stroke,out_of_pocket_lag2,1,1.3119626326378977,0.0063405274,0.7727677200264168
stroke,overweight,0,0.0,0.004235751,0.0014119169985254605
stroke,quit_smoking,0,0.0,0.005636767,0.001878922339528799
stroke,rapid_weight_gain,0,0.0,0.0050614392,0.0016871464128295581
stroke,rapid_weight_loss,0,0.0,0.0037048033,0.0012349344324320555
stroke,restless_sleep,0,0.0,0.004119837,0.0013732790636519592
stroke,restless_sleep_lag1,0,0.0,0.005180559,0.0017268530403574307
stroke,restless_sleep_lag2,0,0.0,0.0051073944,0.0017024648065368335
stroke,screening_month,0,0.11540369908044697,0.0048411274,0.04008160883777658
stroke,screening_year,0,0.15650200990616964,0.0050631883,0.053855066056151146
stroke,self_health_comp,0,0.0,0.00758422,0.002528073266148567
stroke,self_health_comp_lag1,0,0.0,0.0045904983,0.0015301660945018132
stroke,self_health_comp_lag2,0,0.0,0.0053045573,0.0017681857571005821
stroke,self_rated_health,4,7.4084338183621465,0.025335036,3.811256284860104
stroke,self_rated_health_lag1,0,1.7314622112044427,0.011223596,0.5808952689312806
stroke,self_rated_health_lag2,1,1.539938970613954,0.0093330555,0.8497573420267891
stroke,serial7,0,0.8628799770539191,0.0069295336,0.2899365035366743
stroke,serial7_lag1,0,0.0,0.0053980807,0.0017993602280815442
stroke,serial7_lag2,0,0.0,0.004503164,0.0015010546582440536
stroke,sharp_cog_drop,0,0.0,0.006694768,0.0022315893632670245
stroke,vigorous_activity,1,0.0,0.0047775805,0.3349258601665497
stroke,vigorous_activity_lag1,0,0.09866477459083806,0.0050742007,0.03457965842563513
stroke,vigorous_activity_lag2,0,0.0,0.0055460897,0.0018486965758105118
stroke,weight,1,0.9108940939372976,0.005366389,0.6387534943704373
stroke,weight_change_kg,1,0.0,0.0048892237,0.3349630745748679
stroke,weight_change_pct,0,0.0,0.005210868,0.0017369560276468594
stroke,weight_lag1,2,0.7466980729762491,0.006040881,0.9175796512994925
stroke,weight_lag2,0,0.9839260125525766,0.005782398,0.3299028034940519
stroke,working,0,0.6101827972778459,0.006931126,0.20570464113185072
stroke,working_lag1,0,0.28927158159744054,0.0054808585,0.09825081336492071
stroke,working_lag2,0,0.0,0.0066650026,0.0022216675182183585
stroke,years_since_last_screening,0,0.20267282644863635,0.0053229094,0.06933191196564406
lung,adl,0,0.09052743575341612,0.004293058,0.03160683127365877
lung,adl_decline_lag1,0,0.06462413315454013,0.0038592548,0.0228277959729777
lung,adl_lag1,0,0.0,0.00338874,0.0011295799631625414
lung,adl_lag2,0,0.031820210263832895,0.004713227,0.012177812434966196
lung,adl_worsening,0,0.0,0.0018433089,0.0006144363045071562
lung,age,3,2.7192088435629342,0.006985911,1.908731584910364
lung,age_squared,0,1.7689910219608458,0.0074531757,0.5921480658960413
lung,age_x_bmi,0,0.9558493742320776,0.0043954086,0.32008159426264765
lung,age_x_cesd,2,1.6175993739991705,0.0051461505,1.2075818414921338
lung,any_adl,0,0.14037976657594173,0.0035566257,0.04797879742022166
lung,any_iadl,0,0.051937638452231955,0.0041215047,0.01868638105875256
lung,any_mobility,2,1.4016127396982991,0.07710161,1.1595714500997492
lung,birth_year,4,5.754653217353441,0.0065476345,3.253733617281092
lung,bmi,0,1.2942552212107603,0.0046421494,0.4329657902147513
lung,bmi_accel,1,0.8488634200175461,0.004289516,0.6177176452665646
lung,bmi_delta_lag1,0,0.4020585700704342,0.004522653,0.13552707430045427
lung,bmi_delta_lag2,0,1.534609783165269,0.0044157496,0.5130085109124954
lung,bmi_lag1,1,2.0473739996833262,0.0048130997,1.0173956998096625
lung,bmi_lag2,0,1.7532213547951323,0.0051654545,0.5861289364203427
lung,bmi_x_smoking,1,3.7653997680842948,0.009195832,1.5915318665628657
lung,cesd,0,0.5078605403761732,0.0049144463,0.17092499554813465
lung,cesd_increase,0,0.21300467092215922,0.0039034733,0.07230271472796766
lung,cesd_lag1,0,0.20226132058774995,0.0040768157,0.06877937875456468
lung,cesd_lag2,1,0.339423836959007,0.0050972584,0.44817369844312555
lung,cesd_worsening,0,0.07433037475326397,0.0024840331,0.02560480262344492
lung,chronic_depression,0,0.0,0.004585454,0.001528484591593345
lung,cog_decline_lag1,0,0.05418050832087274,0.0040826937,0.019421067346415504
lung,cog_decline_lag2,0,0.15469609470060375,0.0041657537,0.05295394947426487
lung,cog_decline_x_age,1,0.5969983338018539,0.0043527707,0.5337837015158694
lung,cog_worsening,0,0.0,0.0026050843,0.0008683614432811737
lung,cognition,1,0.34524461651628513,0.0046839686,0.44997619504244896
lung,cognition_lag1,0,0.20076811567228875,0.004585339,0.06845115163146404
lung,cognition_lag2,0,0.6011441652766926,0.004272684,0.20180561642198305
lung,condition_count,5,5.085337319749393,0.010327407,3.365221575636101
lung,condition_count_lag1,2,0.4146001159249604,0.004746684,0.8064489332660655
lung,condition_count_lag2,0,0.2907516247488688,0.00535682,0.09870281486114298
lung,current_smoker,0,2.914862227673352,0.058562458,0.9911415617449483
lung,current_smoker_lag1,0,1.9770351305057479,0.02471961,0.6672515804386759
lung,current_smoker_lag2,3,1.6165892049671529,0.011495633,1.542694946005984
lung,degree,1,1.0080032552298628,0.004689283,0.6708975128110654
lung,delayed_recall,0,0.23750286320924432,0.0040328642,0.0805119091481953
lung,delayed_recall_lag1,0,0.3431146179991513,0.0040914477,0.11573535522802171
lung,delayed_recall_lag2,0,0.16520580894731154,0.004546905,0.056584237961248125
lung,depressed,0,0.0449342528208422,0.005328824,0.016754358877716043
lung,depressed_lag1,0,0.0,0.0032364046,0.0010788015400369961
lung,depressed_lag2,0,0.1134415577479719,0.00479977,0.03941377597976125
lung,depression_x_mobility,0,0.5701758802526916,0.008399665,0.19285851520279132
lung,drink_days_week,1,0.3826473188742981,0.004554163,0.46240049402440536
lung,drink_days_week_lag1,0,0.206066884270358,0.003874415,0.0699804331121504
lung,drink_days_week_lag2,0,0.8560886482602738,0.0046566497,0.28691509930686426
lung,drinks_per_day,0,0.33655476485722935,0.0044763563,0.11367704039243749
lung,drinks_per_day_lag1,1,0.1662713750807342,0.0041948846,0.3901554198805788
lung,drinks_per_day_lag2,0,0.448849282153117,0.004978906,0.15127606268356816
lung,drinks_per_week,0,0.42180148266419365,0.004301791,0.14203442458117868
lung,edu_cat,0,0.3487068951025865,0.004527167,0.11774468735134475
lung,education,1,1.4675077554752143,0.004886893,0.8241315495216917
lung,effort,0,0.04285949161138141,0.004893551,0.015917680908776006
lung,effort_lag1,0,0.4088669537056245,0.0038653042,0.13757741929193362
lung,effort_lag2,0,0.3456203715255351,0.0057250084,0.11711512665369415
lung,elevated_depression,0,0.07783504330806514,0.0091732405,0.029002761273558206
lung,ethnicity,0,2.027980988347638,0.0057899915,0.6779236599386097
lung,ever_smoked,2,7.4266484766891425,0.04010987,3.155586115260615
lung,ever_smoked_lag1,0,1.098667865446079,0.017461473,0.3720431128561061
lung,ever_smoked_lag2,0,1.0155688405140493,0.017050706,0.3442065154547245
lung,female,0,0.1878861145814426,0.004155318,0.06401381078950787
lung,fine_motor,0,0.10229900501056315,0.0046095527,0.035636185896094644
lung,fine_motor_lag1,0,0.05758101909566286,0.0036957087,0.020425575931729088
lung,fine_motor_lag2,0,0.0,0.003584531,0.0011948436343421538
lung,former_smoker,0,1.0114501963667553,0.025465924,0.3456387068865194
lung,frailty_score,0,1.1701673091599198,0.01822371,0.39613033983935425
lung,gross_motor,2,0.30386958220280486,0.016676012,0.7735151982098065
lung,gross_motor_lag1,0,0.0,0.007299311,0.002433103664467732
lung,gross_motor_lag2,0,0.03808321686283869,0.004672083,0.014251766645067674
lung,health_crash,0,0.02251368846872776,0.0035404619,0.008684716783892212
lung,health_decline_lag1,0,0.24423428233763275,0.0043820525,0.0828721115988185
lung,health_decline_lag2,0,0.16530771672278163,0.004267411,0.05652504252120693
lung,health_worsening,0,0.05126046316429437,0.0031495776,0.018136680271201532
lung,heavy_drinking,0,0.10953954861567394,0.0,0.036513182871891314
lung,height,1,1.0209830476067765,0.0044286256,0.6751372243930831
lung,height_lag1,0,0.6371343871875601,0.004832116,0.2139888343810703
lung,height_lag2,1,0.9247006064583086,0.0046611754,0.6431205939602264
lung,high_depression,0,0.028226983847019903,0.002621748,0.01028291062200991
lung,iadl,0,0.27306117415814396,0.004604378,0.09255518398065964
lung,iadl_decline_lag1,0,0.034707629031513636,0.0054292097,0.013378946235717835
lung,iadl_lag1,0,0.12790574483204722,0.0044491356,0.0441182934853065
lung,iadl_lag2,0,0.14454499851895405,0.0040113125,0.04951877033953214
lung,iadl_worsening,0,0.11643328693793077,0.016313307,0.04424886464173879
lung,immediate_recall,0,0.47455463712932966,0.0047626183,0.15977241848871873
lung,immediate_recall_lag1,0,0.5926220709085914,0.003982131,0.19886806727078069
lung,immediate_recall_lag2,0,0.15305273180062862,0.003921184,0.052324638674591285
lung,large_muscle,1,1.9661616321166056,0.009353623,0.9918384183035857
lung,large_muscle_lag1,1,0.41085914906337995,0.0058564874,0.47223854549924577
lung,large_muscle_lag2,0,0.2930103925991622,0.0055611096,0.0995238340771386
lung,lonely,1,0.0,0.004196292,0.3347320972631375
lung,lonely_lag1,0,0.071954465073441,0.0041943393,0.02538293478169194
lung,lonely_lag2,0,0.0,0.004251334,0.0014171112949649494
lung,low_cognition,0,0.13446744666038002,0.0033731041,0.04594685026933102
lung,marital_status,0,0.24808260870814497,0.0050169434,0.08436651738266208
lung,marital_status_lag1,0,0.2183595519125211,0.00452193,0.07429382734571059
lung,marital_status_lag2,0,0.34881757204183156,0.004530281,0.11778261762343584
lung,memory_decline_lag1,0,0.25197670627617924,0.0042184857,0.0853983973160687
lung,memory_recall,3,0.6045786324272727,0.004406876,1.2029951694526664
lung,memory_recall_lag1,0,0.5265277020324554,0.0046082675,0.1770453231616744
lung,memory_recall_lag2,0,0.03784918656185786,0.0042078434,0.0140190100036082
lung,memory_worsening,0,0.07288710202662169,0.0021029084,0.02499667015738129
lung,metabolic_risk,0,0.1580963707082863,0.0043897848,0.05416205182426159
lung,mobility,0,3.7183216941710646,0.030455772,1.249592488668241
lung,mobility_decline_lag1,0,0.16782039937660403,0.0045921486,0.05747084932123723
lung,mobility_lag1,0,0.8729480609464532,0.008972809,0.2939736232217115
lung,mobility_lag2,1,0.3483450095162189,0.007171913,0.451838974188778
lung,mobility_worsening,0,0.039249612145383264,0.0033136792,0.014187763797825942
lung,new_adl_problem,0,0.055676699980335156,0.0030316175,0.019569439158832604
lung,new_iadl_problem,0,0.0,0.005060702,0.0016869006988902886
lung,new_mobility_problem,0,0.07209658992391524,0.006108285,0.02606829161727328
lung,obese,0,0.034305754013862814,0.0025342414,0.012279998476474353
lung,out_of_pocket,0,1.2512006053480789,0.0045293313,0.41857664556439667
lung,out_of_pocket_lag1,1,0.95923881723279,0.004443314,0.6545607103864161
lung,out_of_pocket_lag2,0,1.3284231649317086,0.004374132,0.4442657656525652
lung,overweight,0,0.15385228643665383,0.0039041673,0.052585484588848784
lung,quit_smoking,0,0.24573683899353926,0.0055143125,0.0837503838430212
lung,rapid_weight_gain,0,0.061311063475659434,0.0039677224,0.021759595295952738
lung,rapid_weight_loss,0,0.06222998813157731,0.0035714745,0.0219338208635332
lung,restless_sleep,0,0.20392658519350385,0.004622657,0.06951641401517025
lung,restless_sleep_lag1,0,0.3114466943439791,0.0051448997,0.10553053135166397
lung,restless_sleep_lag2,0,0.07304943206427247,0.004619261,0.025889564282837018
lung,screening_month,0,0.5912630025464556,0.0037328692,0.1983319572383997
lung,screening_year,0,0.8920229426717009,0.004209542,0.29874416161768125
lung,self_health_comp,0,0.4117426436474094,0.00458552,0.1387760545153641
lung,self_health_comp_lag1,0,0.4409659203852801,0.0044362317,0.14846738402307327
lung,self_health_comp_lag2,1,0.29181323539212495,0.0044886456,0.4321006269930805
lung,self_rated_health,4,5.011682668866303,0.013908307,3.008530325311451
lung,self_rated_health_lag1,0,1.637719811062519,0.007025876,0.5482485623816663
lung,self_rated_health_lag2,0,0.7490828305330764,0.0062340247,0.25177228506147503
lung,serial7,0,0.4233621009689293,0.004508802,0.14262363439017606
lung,serial7_lag1,0,0.2438556017204976,0.0044228276,0.08275947644809405
lung,serial7_lag2,1,0.408292716840375,0.004202386,0.4708317009130181
lung,sharp_cog_drop,0,0.0,0.005231078,0.0017436925942699115
lung,vigorous_activity,1,0.15344910485467925,0.0044013243,0.3859501430571795
lung,vigorous_activity_lag1,0,0.2534911356577826,0.0046398956,0.08604367709688188
lung,vigorous_activity_lag2,1,0.041208749178196453,0.0041502314,0.34845299351567877
lung,weight,3,0.9652448211590965,0.0045095338,1.3232514516381926
lung,weight_change_kg,1,0.23817606968921587,0.004401993,0.4141926875652279
lung,weight_change_pct,0,0.37310427584575184,0.004096188,0.1257334879875235
lung,weight_lag1,2,0.5155044290597721,0.0046022898,0.840035572939465
lung,weight_lag2,3,0.831608669246632,0.004529219,1.278712629455791
lung,working,0,0.1804455805946418,0.004116578,0.06152071954074927
lung,working_lag1,0,0.13391008238653718,0.0039870366,0.045965706343983205
lung,working_lag2,0,0.051648189354637296,0.0039252304,0.018524473236235985
lung,years_since_last_screening,0,0.47248341531623306,0.004079766,0.15885439380736452
cancer,adl,0,0.0,0.005965365,0.0019884550323088965
cancer,adl_decline_lag1,0,0.0,0.0046802466,0.0015600821934640408
cancer,adl_lag1,0,0.0,0.0058372086,0.001945736197133859
cancer,adl_lag2,2,0.0,0.006678412,0.6688928040675819
cancer,adl_worsening,0,0.0,0.004335645,0.001445215040196975
cancer,age,2,12.212030194192868,0.02640855,4.746146247863684
cancer,age_squared,0,13.933487142505626,0.023683915,4.652390352473451
cancer,age_x_bmi,0,1.61433328501433,0.006891488,0.5404082577039794
cancer,age_x_cesd,2,0.28731501089435174,0.006598149,0.7646377199516573
cancer,any_adl,0,0.0,0.004021625,0.0013405416781703632
cancer,any_iadl,0,0.0,0.0071228566,0.002374285521606604
cancer,any_mobility,0,0.0,0.0050408086,0.0016802695269385974
cancer,birth_year,3,4.174482971875732,0.009369987,2.394617652979614
cancer,bmi,2,0.0,0.0062428536,0.6687476178631186
cancer,bmi_accel,3,0.0,0.0060038846,1.0020012948662043
cancer,bmi_delta_lag1,2,0.0,0.0063429647,0.6687809882375101
cancer,bmi_delta_lag2,0,0.8503290698487135,0.00656687,0.2856319799583346
cancer,bmi_lag1,4,0.0,0.006647758,1.3355492527286212
cancer,bmi_lag2,2,0.3513735850838365,0.0066564037,0.7860099962457201
cancer,bmi_x_smoking,1,0.257165293182376,0.0068585523,0.4213412818409314
cancer,cesd,0,0.43604134690860336,0.0056788847,0.14724007719788096
cancer,cesd_increase,0,0.0,0.0060361265,0.0020120421734948954
cancer,cesd_lag1,0,0.0,0.006044297,0.002014765671143929
cancer,cesd_lag2,1,0.20859463091959338,0.0062424387,0.40494568986824747
cancer,cesd_worsening,0,0.0,0.0080695,0.0026898334423700967
cancer,chronic_depression,0,0.0,0.0060131433,0.0020043811139961085
cancer,cog_decline_lag1,0,0.4867366586375541,0.006282036,0.16433956494342308
cancer,cog_decline_lag2,0,0.6937844952257003,0.006843413,0.23354263615066892
cancer,cog_decline_x_age,0,0.6832494498685365,0.0062128967,0.22982078217865246
cancer,cog_worsening,0,0.0,0.0028793055,0.000959768503283461
cancer,cognition,1,0.32279767179785757,0.0064175576,0.44307174313167264
cancer,cognition_lag1,0,0.0,0.0063591828,0.0021197275879482427
cancer,cognition_lag2,0,0.0,0.006963383,0.0023211276469131312
cancer,condition_count,1,3.678810863717887,0.0074081416,1.5620730017806899
cancer,condition_count_lag1,1,0.33217975794759086,0.006504685,0.446228147699971
cancer,condition_count_lag2,2,0.9061907919864974,0.007970384,0.9713870587695347
cancer,current_smoker,0,0.0,0.0048505245,0.001616841492553552
cancer,current_smoker_lag1,0,0.0,0.006207694,0.0020692312779525914
cancer,current_smoker_lag2,0,0.4676467816173233,0.006623579,0.15809012026883487
cancer,degree,0,2.4298611910156023,0.0072455374,0.8123689094582899
cancer,delayed_recall,0,0.3869110999903865,0.0063776555,0.1310962518458329
cancer,delayed_recall_lag1,0,0.17106714479713858,0.0062059364,0.059091027075099355
cancer,delayed_recall_lag2,0,0.0,0.007057624,0.0023525413125753403
cancer,depressed,0,0.0,0.006705148,0.00223504938185215
cancer,depressed_lag1,0,0.0,0.0067424146,0.0022474715175728
cancer,depressed_lag2,1,0.0,0.006540926,0.33551364205777645
cancer,depression_x_mobility,2,0.14421821822984524,0.0065138536,0.7169106905957511
cancer,drink_days_week,1,0.0,0.006770344,0.33559011466180283
cancer,drink_days_week_lag1,0,0.0,0.0063886913,0.002129563751320044
cancer,drink_days_week_lag2,0,0.0,0.007137649,0.0023792164089779058
cancer,drinks_per_day,1,0.0,0.0072517954,0.33575059846043587
cancer,drinks_per_day_lag1,1,0.2513533983352115,0.006672097,0.41934183174652623
cancer,drinks_per_day_lag2,0,0.0,0.0066614565,0.002220485514650742
cancer,drinks_per_week,0,0.3498916887757639,0.006610547,0.11883407865605287
cancer,edu_cat,2,1.7474429671580278,0.008866729,1.2521032321242718
cancer,education,1,1.429250304105858,0.0077862255,0.8123455098777943
cancer,effort,0,0.0,0.006000627,0.00200020894408226
cancer,effort_lag1,0,0.0,0.0067879763,0.002262658750017484
cancer,effort_lag2,0,0.0,0.0053476673,0.0017825557539860408
cancer,elevated_depression,0,0.0,0.0030309474,0.0010103158031900723
cancer,ethnicity,0,7.291886434661006,0.010638807,2.434175080543311
cancer,ever_smoked,1,0.0,0.0068322695,0.3356107564953466
cancer,ever_smoked_lag1,0,1.5097590064084048,0.0075376392,0.50576554854754
cancer,ever_smoked_lag2,0,1.780331212922644,0.010678562,0.597003258419438
cancer,female,1,14.983313164764287,0.034376986,5.339230050363025
cancer,fine_motor,0,0.0,0.006624466,0.0022081552694241204
cancer,fine_motor_lag1,0,0.0,0.0066115283,0.0022038427802423635
cancer,fine_motor_lag2,0,0.0,0.007047899,0.002349299689133962
cancer,former_smoker,0,0.8744129296674168,0.005275198,0.2932293758200717
cancer,frailty_score,0,0.3189900172065397,0.00725391,0.10874797571858431
cancer,gross_motor,0,0.28702185001075603,0.006606663,0.09787617104078444
cancer,gross_motor_lag1,0,0.0,0.005120777,0.0017069256864488125
cancer,gross_motor_lag2,0,0.0,0.0061051175,0.002035039166609446
cancer,health_crash,0,0.0,0.006825249,0.002275083058824142
cancer,health_decline_lag1,0,0.0,0.0063667605,0.0021222534899910292
cancer,health_decline_lag2,0,0.7779984931669615,0.006488596,0.26149569641871523
cancer,health_worsening,0,0.173228551887749,0.0067759766,0.060001509504029604
cancer,heavy_drinking,0,0.0,0.0045212717,0.0015070905598501365
cancer,height,5,5.408731396131934,0.008682851,3.4724714156267447
cancer,height_lag1,0,0.7254155270731015,0.008141595,0.24451904067067845
cancer,height_lag2,1,2.2187836767722993,0.009607597,1.0761304246755052
cancer,high_depression,0,0.0,0.0010704749,0.0003568249521777034
cancer,iadl,0,0.0,0.007530986,0.0025103286219139895
cancer,iadl_decline_lag1,0,0.0,0.0062324824,0.0020774941270550094
cancer,iadl_lag1,0,0.11369628317459499,0.0065445923,0.04008029183307977
cancer,iadl_lag2,0,0.0,0.0072022765,0.0024007588314513364
cancer,iadl_worsening,0,0.0,0.003902002,0.0013006673349688451
cancer,immediate_recall,0,0.0,0.006530837,0.002176945718626181
cancer,immediate_recall_lag1,0,0.0,0.006532266,0.002177421934902668
cancer,immediate_recall_lag2,0,0.8513500340480271,0.0068466715,0.2860655685021203
cancer,large_muscle,0,0.22366407316356007,0.005653473,0.07643918208216331
cancer,large_muscle_lag1,1,0.0,0.006147402,0.33538246729100746
cancer,large_muscle_lag2,0,0.0,0.006384961,0.0021283202804625034
cancer,lonely,0,0.0,0.0061694323,0.002056477436174949
cancer,lonely_lag1,0,0.0,0.005826851,0.0019422836291293304
cancer,lonely_lag2,0,0.0,0.006073231,0.002024410292506218
cancer,low_cognition,0,0.0,0.0065467306,0.0021822435470918813
cancer,marital_status,0,1.0553465179503403,0.0064499476,0.35393215518322063
cancer,marital_status_lag1,0,0.0,0.0073628016,0.0024542671938737235
cancer,marital_status_lag2,1,1.0463092060090298,0.0066802604,0.6843298221404749
cancer,memory_decline_lag1,0,0.0,0.0063375197,0.0021125065783659616
cancer,memory_recall,0,0.3880697001392843,0.006720886,0.1315968620797893
cancer,memory_recall_lag1,0,0.12912183965993376,0.00675036,0.0452907332637325
cancer,memory_recall_lag2,0,0.0,0.006765478,0.002255159274985393
cancer,memory_worsening,0,0.0,0.003306869,0.0011022896505892277
cancer,metabolic_risk,0,0.0,0.009681779,0.003227259653309981
cancer,mobility,0,1.1632598663491716,0.006898287,0.3900527178557452
cancer,mobility_decline_lag1,0,0.0,0.006301168,0.002100389295568069
cancer,mobility_lag1,0,0.5721179416129718,0.00580354,0.1926404938321057
cancer,mobility_lag2,0,0.3636101251966575,0.0061891503,0.12326642515557736
cancer,mobility_worsening,0,0.4742901470772341,0.002572559,0.1589542353767708
cancer,new_adl_problem,0,0.2905519199670075,0.0052183974,0.09859010577576753
cancer,new_iadl_problem,0,0.0,0.006051085,0.0020170283193389573
cancer,new_mobility_problem,0,0.0,0.0057617184,0.0019205727924903233
cancer,obese,0,0.10430392806327587,0.0,0.03476797602109196
cancer,out_of_pocket,0,1.1918010059991728,0.006282647,0.39936121771316563
cancer,out_of_pocket_lag1,2,0.9037222263254033,0.0065886173,0.9701036145550446
cancer,out_of_pocket_lag2,1,0.6492219530553743,0.0064901267,0.5519040265910701
cancer,overweight,0,0.0,0.00665784,0.0022192800727983317
cancer,quit_smoking,0,0.0,0.0,0.0
cancer,rapid_weight_gain,0,0.0,0.0038832086,0.0012944028712809086
cancer,rapid_weight_loss,0,0.0,0.0065614367,0.00218714556346337
cancer,restless_sleep,0,0.0,0.005788205,0.001929401730497678
cancer,restless_sleep_lag1,0,0.0,0.0059955907,0.0019985302351415157
cancer,restless_sleep_lag2,0,0.0,0.006117206,0.0020390686889489493
cancer,screening_month,0,0.0,0.006652745,0.002217581650863091
cancer,screening_year,0,0.31165337603863447,0.005805097,0.1058194910311082
cancer,self_health_comp,0,0.0,0.00482912,0.0016097066303094227
cancer,self_health_comp_lag1,0,0.0,0.005854569,0.0019515229699512322
cancer,self_health_comp_lag2,0,0.0,0.0056849383,0.0018949794272581737
cancer,self_rated_health,1,0.0,0.0073083444,0.33576944811890524
cancer,self_rated_health_lag1,0,0.0,0.0058556325,0.0019518774934113026
cancer,self_rated_health_lag2,0,0.0,0.0060669477,0.0020223159032563367
cancer,serial7,1,0.0,0.006892551,0.33563085040077567
cancer,serial7_lag1,0,0.0,0.006126449,0.0020421496592462063
cancer,serial7_lag2,0,0.2683508818187276,0.006577219,0.09164270023382239
cancer,sharp_cog_drop,0,0.0,0.0,0.0
cancer,vigorous_activity,0,0.6224821227368978,0.006501919,0.20966134728705776
cancer,vigorous_activity_lag1,0,0.0,0.0059649497,0.0019883165756861367
cancer,vigorous_activity_lag2,0,0.0,0.0067972816,0.002265760519852241
cancer,weight,1,0.9566353409496843,0.006548162,0.6543945010112524
cancer,weight_change_kg,1,0.22312832443159578,0.0061726826,0.40976700235196867
cancer,weight_change_pct,0,0.0,0.0063310647,0.002110354912777742
cancer,weight_lag1,2,0.23821234519830303,0.0069902963,0.7484008804996013
cancer,weight_lag2,4,0.914962523735163,0.0071225413,1.6406950216824303
cancer,working,0,1.787721042994093,0.007639165,0.5984534026768245
cancer,working_lag1,1,0.0,0.0064468714,0.3354822904802859
cancer,working_lag2,0,0.0,0.0062471083,0.002082369445512692
cancer,years_since_last_screening,0,0.0,0.0067907358,0.002263578586280346
hibp,adl,0,0.17423928863063595,0.0048922873,0.059710525313616265
hibp,adl_decline_lag1,0,0.15919674644934853,0.0058293417,0.055008696052987444
hibp,adl_lag1,0,0.08889413072497579,0.004433042,0.031109057543032476
hibp,adl_lag2,0,0.11872751917648497,0.0057040234,0.041477180862039935
hibp,adl_worsening,0,0.06775452314889696,0.0046535167,0.024136013280025015
hibp,age,3,1.4692787986386675,0.0071458737,1.4921415574584191
hibp,age_squared,0,1.1184997735474425,0.006646509,0.375048760788024
hibp,age_x_bmi,13,16.56742168455236,0.02075054,9.86272407464323
hibp,age_x_cesd,5,0.9788729986552706,0.006639303,1.99517076727638
hibp,any_adl,0,0.024137995626109795,0.004354223,0.00949740625647305
hibp,any_iadl,2,0.07680126481823044,0.0058330637,0.694211442852838
hibp,any_mobility,0,1.105872325508036,0.009427425,0.37176658365320425
hibp,birth_year,15,4.527765260067143,0.0087324465,6.512165902178836
hibp,bmi,13,1.6077169729409586,0.007683002,4.871799991621755
hibp,bmi_accel,0,0.32806231508090444,0.005725982,0.11126276573806786
hibp,bmi_delta_lag1,0,0.38599302709812544,0.0057604327,0.13058448659492738
hibp,bmi_delta_lag2,6,0.6611645792259386,0.0063341637,2.2224995809800463
hibp,bmi_lag1,0,0.9304310711597352,0.007123065,0.31251804544693723
hibp,bmi_lag2,9,0.5069765033980111,0.0066633066,3.1712132700047526
hibp,bmi_x_smoking,10,3.2822983868169,0.008744017,4.430347468012644
hibp,cesd,1,0.5426238476881202,0.005739046,0.5161209644943912
hibp,cesd_increase,0,0.2888067368746219,0.0062229307,0.09834322253715388
hibp,cesd_lag1,3,0.24376894884275435,0.005928815,1.0832325879065263
hibp,cesd_lag2,0,0.25042205358772296,0.005553074,0.08532504258960094
hibp,cesd_worsening,0,0.0,0.0034199406,0.0011399801975737016
hibp,chronic_depression,0,0.38690293497516937,0.0048069847,0.13056997321893515
hibp,cog_decline_lag1,0,0.20841183645987027,0.0057006753,0.07137083725494979
hibp,cog_decline_lag2,1,0.12513245019847596,0.006011491,0.37704798045807236
hibp,cog_decline_x_age,2,0.191740919576948,0.0055116615,0.7324175270342547
hibp,cog_worsening,0,0.05149872815917108,0.0022089623,0.017902563499072106
hibp,cognition,15,2.207498130048001,0.009447401,5.7389818438124935
hibp,cognition_lag1,2,0.5332925552755697,0.0064538987,0.8465821513369715
hibp,cognition_lag2,2,0.6107541741913585,0.0069108317,0.872555001952947
hibp,condition_count,3,1.2274381638122909,0.0073352703,1.411591144700541
hibp,condition_count_lag1,2,0.7624526110952871,0.0067809494,0.9230778535055046
hibp,condition_count_lag2,1,0.051756807681224856,0.0063056946,0.3526875007537677
hibp,current_smoker,1,0.904344072778685,0.0075833113,0.6373091280239863
hibp,current_smoker_lag1,0,0.13671117709017971,0.00744178,0.0480509857181449
hibp,current_smoker_lag2,0,0.0,0.0058963145,0.00196543817097942
hibp,degree,7,2.685846401009482,0.008471919,3.231439440077716
hibp,delayed_recall,2,0.5838356055655446,0.0071794684,0.8636716913233488
hibp,delayed_recall_lag1,1,0.46221743559556755,0.0068209004,0.4896794453204259
hibp,delayed_recall_lag2,0,0.1520094240535724,0.00703282,0.05301408135905623
hibp,depressed,0,0.17916492569500111,0.009730839,0.06296525495517222
hibp,depressed_lag1,1,0.0961027850200189,0.007250678,0.36778448760474564
hibp,depressed_lag2,0,0.0,0.006072551,0.002024183670679728
hibp,depression_x_mobility,5,0.9522802390708602,0.008585966,1.9869554017543487
hibp,drink_days_week,1,1.1344007803984986,0.006910343,0.713770374529097
hibp,drink_days_week_lag1,0,0.330322605269495,0.006140741,0.11215444877448788
hibp,drink_days_week_lag2,3,0.36825913908101965,0.005275164,1.1245114342935147
hibp,drinks_per_day,2,0.5432097378607739,0.0070878044,0.8500991807459509
hibp,drinks_per_day_lag1,1,0.07370006131200434,0.0064415773,0.36004721288322883
hibp,drinks_per_day_lag2,2,0.031669913141892,0.006448032,0.6793726483368925
hibp,drinks_per_week,1,1.6429395981649968,0.007673067,0.8835375550685794
hibp,edu_cat,3,0.9254434712576037,0.009874016,1.3117724957680426
hibp,education,2,1.1682875805846422,0.01069412,1.0596605668879737
hibp,effort,0,0.0688013905465544,0.0062662596,0.025022550044951863
hibp,effort_lag1,0,0.10323778353162708,0.0062655173,0.03650110028527876
hibp,effort_lag2,0,0.0,0.005650681,0.0018835603259503841
hibp,elevated_depression,0,0.05872650982845494,0.003999609,0.02090870628765447
hibp,ethnicity,2,5.8326671297783905,0.01512865,2.615931926516535
hibp,ever_smoked,0,0.1497524524232593,0.0052167634,0.05165640525936573
hibp,ever_smoked_lag1,0,0.06115811994444787,0.0051542995,0.0221041398314021
hibp,ever_smoked_lag2,1,0.0,0.0058848024,0.3352949341448645
hibp,female,0,0.5854695979337716,0.0067264535,0.19739868382673542
hibp,fine_motor,0,0.10378814590733983,0.005615732,0.03646795935808532
hibp,fine_motor_lag1,0,0.04259167174307168,0.0071935384,0.01659507003445645
hibp,fine_motor_lag2,0,0.1704482394769003,0.0055589974,0.05866907895651824
hibp,former_smoker,0,0.5674442528723147,0.006646368,0.19136354035307854
hibp,frailty_score,0,0.4099175738475346,0.006146582,0.13868805189700997
hibp,gross_motor,0,0.2703055335656307,0.0072235544,0.09250969599561565
hibp,gross_motor_lag1,0,0.174092561728196,0.0065486156,0.06021372578878756
hibp,gross_motor_lag2,0,0.16805048087482324,0.004955007,0.05766849603460786
hibp,health_crash,0,0.029284452188718984,0.006031118,0.011771856685465798
hibp,health_decline_lag1,0,0.014176130165229476,0.0054161437,0.006530757950269593
hibp,health_decline_lag2,0,0.06736530966939897,0.0054007927,0.024255367454993626
hibp,health_worsening,0,0.0,0.0049204617,0.0016401538935800393
hibp,heavy_drinking,0,0.41490048014587916,0.0087529905,0.1412178235533064
hibp,height,3,0.7509475139998762,0.006294032,1.2524138486976713
hibp,height_lag1,0,0.9762422913409615,0.006952281,0.32773152415031676
hibp,height_lag2,5,1.7218794935633175,0.0069355676,2.242938353719461
hibp,high_depression,0,0.1151202687904547,0.0036609329,0.03959373389073744
hibp,iadl,0,0.1395144605905396,0.005168517,0.04822765923690737
hibp,iadl_decline_lag1,0,0.115079598811672,0.0048502693,0.03997662270231574
hibp,iadl_lag1,1,0.15967457607249197,0.0066117793,0.3887621184682177
hibp,iadl_lag2,0,0.28158380800682287,0.0056276936,0.09573716720507536
hibp,iadl_worsening,0,0.10148617080034597,0.0,0.033828723600115324
hibp,immediate_recall,0,0.2921314260809345,0.0055591175,0.09923018120473369
hibp,immediate_recall_lag1,1,0.2725082664162526,0.005812558,0.4261069414320293
hibp,immediate_recall_lag2,1,0.1771158392455518,0.0058996915,0.3943385102447152
hibp,large_muscle,0,0.08741496999170155,0.0065068444,0.03130727147180428
hibp,large_muscle_lag1,1,0.15285885435896354,0.006081384,0.38631341283332055
hibp,large_muscle_lag2,0,0.8792756181362331,0.0069877747,0.29542113096028766
hibp,lonely,0,0.08375563058281035,0.007893972,0.030549867560545906
hibp,lonely_lag1,0,0.03660117478406395,0.009113299,0.015238157837708677
hibp,lonely_lag2,0,0.0,0.0067032105,0.002234403509646654
hibp,low_cognition,0,0.13225659688123842,0.0058372677,0.0460312882038745
hibp,marital_status,6,2.9207917498218507,0.008201702,2.976331150462809
hibp,marital_status_lag1,0,0.18845865962752043,0.006620726,0.06502646190333147
hibp,marital_status_lag2,1,0.05695163693855522,0.0062450636,0.3543989001854602
hibp,memory_decline_lag1,1,0.15809706747194502,0.0056623328,0.3879198000755091
hibp,memory_recall,2,1.1286313144368405,0.0070155417,1.045215618699457
hibp,memory_recall_lag1,4,0.6530928505201807,0.0069005396,1.5533311300472972
hibp,memory_recall_lag2,1,0.5000831113582609,0.0067153177,0.5022661430268903
hibp,memory_worsening,0,0.026425486040781192,0.0037297178,0.01005173461558761
hibp,metabolic_risk,2,0.39351854040166917,0.011777532,0.8017653575628704
hibp,mobility,3,0.14281797983868108,0.00897309,1.0505970232722601
hibp,mobility_decline_lag1,0,0.15694209268240183,0.0059151747,0.05428575580293288
hibp,mobility_lag1,1,0.06498262217063493,0.0058583855,0.3569470025467998
hibp,mobility_lag2,0,0.04659929430295339,0.005341812,0.017313702113294967
hibp,mobility_worsening,0,0.12850625557481574,0.007855345,0.04545386671284612
hibp,new_adl_problem,0,0.07114171693119829,0.0053051906,0.025482302500616925
hibp,new_iadl_problem,0,0.15587674868039184,0.005015443,0.0536307305865218
hibp,new_mobility_problem,0,0.06922059194827168,0.00621045,0.025143680677096342
hibp,obese,0,0.46965660584864416,0.017264403,0.1623070030838165
hibp,out_of_pocket,5,0.6446616645826475,0.0058188466,1.8834935037393894
hibp,out_of_pocket_lag1,4,0.46140246699840365,0.0059647397,1.4891224022374072
hibp,out_of_pocket_lag2,4,0.8086982482524646,0.006091105,1.6049297843576118
hibp,overweight,0,0.0,0.006614962,0.002204987375686566
hibp,quit_smoking,0,0.16658716858917832,0.0035796724,0.05672228033838789
hibp,rapid_weight_gain,0,0.028120185668906388,0.0072682244,0.011796136682030499
hibp,rapid_weight_loss,0,0.0,0.0023626832,0.0007875610608607531
hibp,restless_sleep,0,0.0,0.0054221884,0.0018073961449166138
hibp,restless_sleep_lag1,0,0.016912529858376442,0.0060273428,0.00764662420333288
hibp,restless_sleep_lag2,0,0.0,0.0063009243,0.002100308115283648
hibp,screening_month,0,0.344763271846661,0.006104529,0.11695593358354073
hibp,screening_year,7,6.84834377376557,0.01195582,4.620099864596528
hibp,self_health_comp,1,0.021437201320679646,0.005713225,0.34238347539911723
hibp,self_health_comp_lag1,0,0.11395779583777949,0.0054894458,0.03981574719830011
hibp,self_health_comp_lag2,3,0.27287168468985556,0.005871958,1.092914547596387
hibp,self_rated_health,5,4.891940743516982,0.018701155,3.303547299418549
hibp,self_rated_health_lag1,2,0.0,0.006936898,0.6689789659964541
hibp,self_rated_health_lag2,1,0.14277407989524626,0.0060289083,0.38293432940003874
hibp,serial7,1,0.2812438358403011,0.006551348,0.42926506132630055
hibp,serial7_lag1,0,0.0,0.005994563,0.001998187663654486
hibp,serial7_lag2,0,0.06902061713451854,0.0057189176,0.024913178240142636
hibp,sharp_cog_drop,0,0.08662760104961964,0.0064254818,0.031017694268302032
hibp,vigorous_activity,8,1.0337260128779298,0.0077747507,3.013833587860004
hibp,vigorous_activity_lag1,2,0.15462350073124845,0.0069053494,0.7205096167227986
hibp,vigorous_activity_lag2,5,1.7706387719958439,0.011792014,2.260810262116274
hibp,weight,6,1.7774569955219617,0.0077472962,2.595068097255289
hibp,weight_change_kg,5,0.3865691004430986,0.005641874,1.7974036581230077
hibp,weight_change_pct,1,0.305009908879344,0.0058732997,0.4369610695162727
hibp,weight_lag1,6,0.9818820266909031,0.006488837,2.329456954508991
hibp,weight_lag2,4,0.6219342163064872,0.0063100867,1.5427481010012756
hibp,working,0,0.13581296734344644,0.00694195,0.047584972430704975
hibp,working_lag1,1,0.0,0.006418184,0.33547272797053057
hibp,working_lag2,0,0.0,0.0054063965,0.0018021321545044582
hibp,years_since_last_screening,1,0.3002139144605352,0.0059255385,0.43537981764818073
arthritis,adl,0,0.18031065107359054,0.004388453,0.06156636801560244
arthritis,adl_decline_lag1,0,0.19372251030783194,0.0048353937,0.06618596801776137
arthritis,adl_lag1,0,0.10537755967100039,0.0047590965,0.03671221873717035
arthritis,adl_lag2,0,0.12306573718734379,0.0063356534,0.04313379685066738
arthritis,adl_worsening,0,0.1590741323066995,0.003645109,0.05423974710647416
arthritis,age,8,0.9685912175324055,0.006819766,2.991803661182407
arthritis,age_squared,1,1.4527361544750113,0.0059131985,0.8195497843116349
arthritis,age_x_bmi,9,5.752537326806379,0.00886016,4.920465828823908
arthritis,age_x_cesd,9,1.6678451201445192,0.0075744833,3.5584732011437032
arthritis,any_adl,0,0.29394063064008136,0.0035468861,0.09916250559538331
arthritis,any_iadl,0,0.10280879434554448,0.005398213,0.0360690024258649
arthritis,any_mobility,2,1.0316178325886816,0.040233344,1.0239503921427755
arthritis,birth_year,20,4.89023080680528,0.009220479,8.299817095287173
arthritis,bmi,12,1.1957778379845616,0.006253635,4.400677157676568
arthritis,bmi_accel,1,0.8295363301031188,0.0057073846,0.6117479048853084
arthritis,bmi_delta_lag1,4,0.8307184746063129,0.0055958447,1.6121047731036569
arthritis,bmi_delta_lag2,4,1.0813860771597543,0.0057655866,1.6957172212618463
arthritis,bmi_lag1,10,0.7967003802393232,0.006349219,3.601016533082868
arthritis,bmi_lag2,12,1.2121408884304714,0.006083165,4.406074684420077
arthritis,bmi_x_smoking,1,0.719227117030767,0.0064268163,0.5752179777904343
arthritis,cesd,5,0.43384567216350306,0.006999357,1.8136150097671109
arthritis,cesd_increase,0,0.35059561256682537,0.00625064,0.11894875082618879
arthritis,cesd_lag1,1,0.5223593324221857,0.005875334,0.5094115555219414
arthritis,cesd_lag2,3,0.15231886226419,0.0058640437,1.0527276353280854
arthritis,cesd_worsening,0,0.055394134185764596,0.0054276315,0.02027392191176726
arthritis,chronic_depression,0,0.05258462272984957,0.005275894,0.019286838895424124
arthritis,cog_decline_lag1,2,0.37361589018160696,0.0054902723,0.7930353874958377
arthritis,cog_decline_lag2,2,0.6997523004539532,0.005832032,0.9018614440962747
arthritis,cog_decline_x_age,2,0.850306715426898,0.005764785,0.9520238335498691
arthritis,cog_worsening,0,0.03117582810264541,0.0019236957,0.011033174591649616
arthritis,cognition,1,0.5776337545424686,0.0057520876,0.5277952807043985
arthritis,cognition_lag1,1,0.34286739137516536,0.005924212,0.44959720106338835
arthritis,cognition_lag2,1,0.5423376959253612,0.0060820864,0.5161399274278602
arthritis,condition_count,7,5.19234526752651,0.015873622,4.069406296558579
arthritis,condition_count_lag1,2,0.5399641965790956,0.0068058823,0.8489233596342096
arthritis,condition_count_lag2,2,0.3526298550968978,0.0055496637,0.7860598395915698
arthritis,current_smoker,0,0.21345773985591524,0.0064560752,0.0733046050307055
arthritis,current_smoker_lag1,0,0.09727559332456161,0.0066079902,0.03462786119027591
arthritis,current_smoker_lag2,0,0.12357013701790114,0.0063463263,0.04330548777975487
arthritis,degree,2,0.9041589740898963,0.0059597464,0.9700395735059102
arthritis,delayed_recall,0,0.2654464257531211,0.0059657367,0.09047072081591835
arthritis,delayed_recall_lag1,0,0.4259749680842064,0.006032941,0.1440026363386082
arthritis,delayed_recall_lag2,2,0.18085725740830208,0.0062056477,0.7290209683754879
arthritis,depressed,0,0.11776993745838536,0.004643225,0.04080438752315089
arthritis,depressed_lag1,0,0.0,0.0055142315,0.0018380771701534588
arthritis,depressed_lag2,0,0.0,0.005427299,0.0018090996891260147
arthritis,depression_x_mobility,5,0.4123078692860202,0.0066468106,1.8063182266170548
arthritis,drink_days_week,0,0.4571394594218782,0.005688749,0.15427606940332225
arthritis,drink_days_week_lag1,2,0.37379460256869823,0.005289758,0.7930281202195427
arthritis,drink_days_week_lag2,0,0.4083983349510004,0.005082203,0.13782684600876338
arthritis,drinks_per_day,4,0.4705853618861122,0.006659776,1.492415045952826
arthritis,drinks_per_day_lag1,4,0.831741024432641,0.0066969194,1.6128126479591964
arthritis,drinks_per_day_lag2,2,0.2995478010149671,0.006186836,0.768578212316148
arthritis,drinks_per_week,0,0.5549689945801044,0.006865477,0.18727815725650868
arthritis,edu_cat,1,0.2832222579582755,0.0064561525,0.4298928034980835
arthritis,education,3,1.2982868991216845,0.006459341,1.4349154133468314
arthritis,effort,1,0.13668426801811956,0.0066791726,0.3811211468819158
arthritis,effort_lag1,1,0.05289287366969282,0.005606208,0.35283302722209986
arthritis,effort_lag2,1,0.04643927228791765,0.0063850926,0.3509414549704832
arthritis,elevated_depression,0,0.1803755958936193,0.0066860598,0.06235388521722881
arthritis,ethnicity,0,0.9114660371660396,0.0063323304,0.3059327891905839
arthritis,ever_smoked,2,0.6367042796441519,0.0065481113,0.8810841303237148
arthritis,ever_smoked_lag1,1,0.07931633756136708,0.0063045616,0.361873633062511
arthritis,ever_smoked_lag2,0,0.18730902445477235,0.005409505,0.06423950989101326
arthritis,female,9,6.218566789464141,0.011539383,5.076702057441402
arthritis,fine_motor,0,0.0950586970315611,0.0050423783,0.0333670251188588
arthritis,fine_motor_lag1,0,0.07836853279270611,0.006074863,0.028147798604345593
arthritis,fine_motor_lag2,0,0.1408204064184982,0.0048908005,0.04857040229074022
arthritis,former_smoker,2,0.3598901835739338,0.0056148064,0.7885016633354036
arthritis,frailty_score,2,0.4471725253802803,0.008027357,0.8183999608098556
arthritis,gross_motor,1,0.38513812868106595,0.0047907135,0.46330961407533366
arthritis,gross_motor_lag1,0,0.22968724105765986,0.0051681353,0.0782851254451956
arthritis,gross_motor_lag2,1,0.13979922863789096,0.004190724,0.38132998417176367
arthritis,health_crash,0,0.026880683138061724,0.0060835234,0.010988068842337913
arthritis,health_decline_lag1,1,0.363197673174939,0.0050966623,0.4560981118329536
arthritis,health_decline_lag2,2,0.1408102496284538,0.0061588767,0.7156563754423061
arthritis,health_worsening,0,0.0,0.0055009797,0.0018336599071820576
arthritis,heavy_drinking,0,0.22848502420853678,0.0063383817,0.07827446862755916
arthritis,height,7,1.3113069099601264,0.0061707464,2.7724925521216015
arthritis,height_lag1,2,0.5932033295006794,0.00646492,0.866556083169124
arthritis,height_lag2,3,0.543995066697429,0.0063194507,1.1834381724591985
arthritis,high_depression,0,0.0386476588347705,0.0050837295,0.014577129449253339
arthritis,iadl,0,0.04970031208596399,0.004592524,0.018097611998689738
arthritis,iadl_decline_lag1,0,0.3127292112921915,0.004196973,0.10564206144802245
arthritis,iadl_lag1,0,0.907568819316346,0.0052238507,0.3042642233453256
arthritis,iadl_lag2,0,0.2914168326124377,0.0056040646,0.09900696572337969
arthritis,iadl_worsening,0,0.07771134875304375,0.0038050814,0.027172143371028617
arthritis,immediate_recall,1,0.5349584856624044,0.0055497047,0.5135027301061365
arthritis,immediate_recall_lag1,3,0.16727292971856725,0.0055015115,1.0575914804084345
arthritis,immediate_recall_lag2,2,0.30854703869339306,0.0058197607,0.7714555998073402
arthritis,large_muscle,8,11.358760527847764,0.05489366,6.471218063046057
arthritis,large_muscle_lag1,7,2.861874303892164,0.020353414,3.294075906003485
arthritis,large_muscle_lag2,2,1.2121598206742439,0.009081818,1.0737472129458796
arthritis,lonely,0,0.06828001448301262,0.0056252847,0.02463509974185886
arthritis,lonely_lag1,0,0.0,0.0055269273,0.0018423090999325116
arthritis,lonely_lag2,0,0.0034283942019231305,0.00708617,0.003504854702627897
arthritis,low_cognition,0,0.06614810511262012,0.0049018012,0.023683302116197985
arthritis,marital_status,1,0.7249562982450056,0.0062324554,0.5770629178726053
arthritis,marital_status_lag1,0,0.301081037910936,0.005986196,0.10235574463329637
arthritis,marital_status_lag2,0,0.14436429731821354,0.005431018,0.04993177171887734
arthritis,memory_decline_lag1,2,0.44583506169156817,0.00545355,0.8170962038275652
arthritis,memory_recall,5,0.44619971095032723,0.005862678,1.8173541296286126
arthritis,memory_recall_lag1,1,0.21232735978762635,0.0060200547,0.40611580482481363
arthritis,memory_recall_lag2,1,0.22725190056745778,0.005954294,0.41106873152242623
arthritis,memory_worsening,0,0.05935227545808092,0.004754648,0.02136897451210464
arthritis,metabolic_risk,1,0.1025305358776197,0.00516718,0.3692325720280821
arthritis,mobility,1,0.6169971087715653,0.02476352,0.5472535431928643
arthritis,mobility_decline_lag1,2,0.06593393086997477,0.0059322985,0.6906220764529633
arthritis,mobility_lag1,1,0.23936566422479819,0.0078063603,0.41572400816024163
arthritis,mobility_lag2,0,0.14299746435010033,0.006007059,0.0496681744539029
arthritis,mobility_worsening,0,0.2177594749197304,0.005548981,0.07443615197936494
arthritis,new_adl_problem,0,0.20800649641688132,0.005868843,0.07129177974739162
arthritis,new_iadl_problem,0,0.038621908756891025,0.0,0.012873969585630342
arthritis,new_mobility_problem,0,0.18967576896159874,0.004568992,0.06474825371473705
arthritis,obese,0,0.402976475475457,0.0076648826,0.1368804526844709
arthritis,out_of_pocket,17,2.566176961447423,0.006497889,6.524224950091085
arthritis,out_of_pocket_lag1,15,1.3077363967853393,0.0064755706,5.438070655798999
arthritis,out_of_pocket_lag2,8,0.8688312698235903,0.0058649317,2.9582320671865774
arthritis,overweight,0,0.10562105028000612,0.00478171,0.03680092008798367
arthritis,quit_smoking,0,0.1148508395163784,0.0049569053,0.0399359149269286
arthritis,rapid_weight_gain,0,0.0,0.0,0.0
arthritis,rapid_weight_loss,0,0.12623520063972946,0.0032030917,0.04314609743900258
arthritis,restless_sleep,2,0.9722743901596911,0.0077239866,0.9933327922655127
arthritis,restless_sleep_lag1,0,0.5061734615523135,0.0066680494,0.17094717030959047
arthritis,restless_sleep_lag2,1,0.10568695519352929,0.006281858,0.37065627101265713
arthritis,screening_month,0,0.25483988993637746,0.005815034,0.08688497457909249
arthritis,screening_year,8,2.750262860165859,0.008161166,3.586141341972459
arthritis,self_health_comp,0,0.08546839036454393,0.004730753,0.03006638116649334
arthritis,self_health_comp_lag1,0,0.28547352698800516,0.0053929216,0.09695548287028256
arthritis,self_health_comp_lag2,2,0.40064637362472894,0.0059177005,0.802188024699316
arthritis,self_rated_health,2,1.7538332917418453,0.007232793,1.2536886949610004
arthritis,self_rated_health_lag1,0,0.3350521285206835,0.0061722407,0.1137414564108107
arthritis,self_rated_health_lag2,0,0.1708919981239606,0.005685959,0.058859319045092305
arthritis,serial7,3,0.5196904312702689,0.0055229524,1.175071127895106
arthritis,serial7_lag1,1,0.22242224843375732,0.0056953947,0.4093725477132461
arthritis,serial7_lag2,3,0.051908121166218305,0.0058789095,1.019262343552407
arthritis,sharp_cog_drop,0,0.020160521274505155,0.010452371,0.010204297455051905
arthritis,vigorous_activity,5,0.5832445820772905,0.007034778,1.8634264534021998
arthritis,vigorous_activity_lag1,3,0.16769412104062054,0.0059301406,1.0578747538850435
arthritis,vigorous_activity_lag2,2,1.4725951876785026,0.00637679,1.1596573258537606
arthritis,weight,4,1.7189189103947018,0.0062953117,1.9084047407083524
arthritis,weight_change_kg,3,0.841512200621136,0.005622967,1.2823783892558243
arthritis,weight_change_pct,3,0.5196902877063364,0.005470311,1.175053532836613
arthritis,weight_lag1,3,0.506419296286717,0.0062175347,1.1708789436468532
arthritis,weight_lag2,2,0.8512322700344823,0.005847192,0.9523598206460742
arthritis,working,0,0.3640337312033983,0.005195254,0.12307632839923806
arthritis,working_lag1,0,0.15132236851475167,0.005540981,0.05228778315740005
arthritis,working_lag2,0,0.05394645301246645,0.004684611,0.019543688078701504
arthritis,years_since_last_screening,2,0.29057300344922105,0.0057845605,0.7654525213032728
psychiatric,adl,0,0.2224885066844728,0.0059900847,0.07615953047027874
psychiatric,adl_decline_lag1,0,0.0,0.0055532297,0.0018510765706499417
psychiatric,adl_lag1,0,0.08647435342838372,0.005558615,0.03067765617104042
psychiatric,adl_lag2,0,0.0432021888087212,0.0057468163,0.01631633503122525
psychiatric,adl_worsening,0,0.04223009888721815,0.0,0.014076699629072716
psychiatric,age,0,2.4940003372980937,0.006365008,0.8334551151615476
psychiatric,age_squared,0,1.9206453639587984,0.0063700546,0.642338472838906
psychiatric,age_x_bmi,0,1.6271503079012155,0.0053754863,0.5441752647447129
psychiatric,age_x_cesd,4,4.750374006193231,0.024295304,2.9248897700546017
psychiatric,any_adl,0,0.28960312539457383,0.01755504,0.10238605492353142
psychiatric,any_iadl,3,1.7563173450423946,0.015454139,1.5905904945571778
psychiatric,any_mobility,1,0.44551662453967616,0.0053447993,0.48362047459792196
psychiatric,birth_year,0,1.4994730678797858,0.005986836,0.5018199678957825
psychiatric,bmi,0,0.9472168050205468,0.005099402,0.3174387356099407
psychiatric,bmi_accel,0,0.34030799504204795,0.0054801493,0.11526271477907633
psychiatric,bmi_delta_lag1,1,0.6564023837489343,0.005774494,0.5540589591812742
psychiatric,bmi_delta_lag2,0,1.0408684033534934,0.0053422893,0.3487368975644148
psychiatric,bmi_lag1,1,0.38572024717246844,0.00503202,0.46358408910926957
psychiatric,bmi_lag2,2,0.4352655350754889,0.0054054447,0.8135569932424437
psychiatric,bmi_x_smoking,0,0.6483667080419666,0.0060365587,0.21813442223204196
psychiatric,cesd,2,3.5232973085122685,0.0397042,1.8543338361308768
psychiatric,cesd_increase,0,1.9082527524271822,0.006709043,0.6383205984545819
psychiatric,cesd_lag1,0,2.788097244374278,0.011572952,0.9332233989188482
psychiatric,cesd_lag2,3,1.833718318312542,0.009585926,1.6144347482072565
psychiatric,cesd_worsening,0,0.0,0.0047509796,0.0015836598662038643
psychiatric,chronic_depression,0,0.04985288526841512,0.0042728228,0.018041902674911788
psychiatric,cog_decline_lag1,0,0.06552558737292169,0.0046457676,0.023390451664872563
psychiatric,cog_decline_lag2,0,1.0509139443969175,0.005315398,0.3520764474209959
psychiatric,cog_decline_x_age,0,0.350899517063744,0.004971074,0.11862353033471344
psychiatric,cog_worsening,0,0.0,0.00434448,0.0014481600373983383
psychiatric,cognition,3,1.9083611808216554,0.007272753,1.6385446445849532
psychiatric,cognition_lag1,0,0.9783043113791957,0.006595712,0.3283000078447665
psychiatric,cognition_lag2,0,0.4478695427402768,0.004996027,0.15095518986880493
psychiatric,condition_count,2,3.8355199941213187,0.008346273,1.947955422251266
psychiatric,condition_count_lag1,1,0.2407095328664095,0.005707769,0.41547243401847983
psychiatric,condition_count_lag2,2,0.20112613775796068,0.006299099,0.7358084122371884
psychiatric,current_smoker,0,0.16812576946824787,0.007714082,0.05861328382983803
psychiatric,current_smoker_lag1,0,0.28464223759738216,0.0073021995,0.0973148123625835
psychiatric,current_smoker_lag2,1,0.1554523721209812,0.0049646883,0.38680568681604827
psychiatric,degree,0,0.6651934721810424,0.0049438924,0.223379121513592
psychiatric,delayed_recall,0,1.0154687865423269,0.0061864634,0.3405517499822579
psychiatric,delayed_recall_lag1,0,0.5470367442761245,0.0058383653,0.18429170319005458
psychiatric,delayed_recall_lag2,0,0.4051213593519,0.0054433327,0.13685489735624087
psychiatric,depressed,0,0.7003590367922077,0.010132678,0.23683057154843837
psychiatric,depressed_lag1,2,0.3664173743850363,0.008883502,0.7917669589064641
psychiatric,depressed_lag2,0,0.2686204284952357,0.0058273817,0.09148260341216374
psychiatric,depression_x_mobility,2,0.6189272803948777,0.019912802,0.879613360692609
psychiatric,drink_days_week,1,0.2855089791475395,0.0053615444,0.4302901745271736
psychiatric,drink_days_week_lag1,0,0.18221594513415418,0.005102148,0.062439364316013525
psychiatric,drink_days_week_lag2,1,0.0,0.005748119,0.3352493730684121
psychiatric,drinks_per_day,0,0.5205744871632123,0.005734415,0.17543630065225443
psychiatric,drinks_per_day_lag1,0,0.28932171335427886,0.0056977062,0.09833980653429669
psychiatric,drinks_per_day_lag2,1,0.6149934669126143,0.005681377,0.5402249479389545
psychiatric,drinks_per_week,0,0.6003016531321871,0.005590979,0.20196421071401793
psychiatric,edu_cat,0,0.7523208319446664,0.0056288056,0.25264987918407456
psychiatric,education,1,1.1803643864619822,0.005465094,0.7286098268206945
psychiatric,effort,0,0.18160324125763053,0.0037383065,0.06178051590679842
psychiatric,effort_lag1,1,0.0,0.005030844,0.33501028129830956
psychiatric,effort_lag2,0,0.053527772379460305,0.004283115,0.019270295727184205
psychiatric,elevated_depression,0,0.7869289340944788,0.008804854,0.2652445960333513
psychiatric,ethnicity,0,1.2421254917349729,0.0070318854,0.41638579239212187
psychiatric,ever_smoked,0,0.6386007842596372,0.005324639,0.21464180772465136
psychiatric,ever_smoked_lag1,0,0.22232734060810458,0.0054346207,0.07592065375596765
psychiatric,ever_smoked_lag2,0,0.14410851609570305,0.0057310127,0.04994650958929631
psychiatric,female,3,4.095762016131456,0.012755595,2.369505870426355
psychiatric,fine_motor,1,0.13703368861393198,0.006395184,0.38114295752774036
psychiatric,fine_motor_lag1,0,0.02599779771025829,0.0056885383,0.010562112006481661
psychiatric,fine_motor_lag2,0,0.0,0.004109813,0.0013699376334746678
psychiatric,former_smoker,0,0.42410291447915577,0.0045592254,0.14288737996064274
psychiatric,frailty_score,0,1.1095162168016253,0.017278591,0.37559826932417745
psychiatric,gross_motor,2,0.10406915448626884,0.0061487216,0.7034059586811264
psychiatric,gross_motor_lag1,0,0.20400887055153274,0.0063342564,0.07011437564410973
psychiatric,gross_motor_lag2,0,0.0,0.005234574,0.0017448579892516136
psychiatric,health_crash,0,0.021943527180501708,0.0071938215,0.009712449554287357
psychiatric,health_decline_lag1,0,0.15865024099321953,0.005136235,0.05459549204821981
psychiatric,health_decline_lag2,1,0.3319753951734088,0.0052770423,0.44575081248352205
psychiatric,health_worsening,0,0.0,0.0040878574,0.0013626191454629104
psychiatric,heavy_drinking,0,0.0,0.0072244196,0.0024081398732960224
psychiatric,height,0,0.3502917986373058,0.005159788,0.11848386215699881
psychiatric,height_lag1,0,0.5136551807075247,0.0058277757,0.17316098546607642
psychiatric,height_lag2,1,0.5244965583790312,0.0061033336,0.5101999639768225
psychiatric,high_depression,0,0.37792794512607186,0.014681046,0.13086966367445896
psychiatric,iadl,0,1.6480524058920136,0.017253509,0.5551019715611137
psychiatric,iadl_decline_lag1,0,0.10232207003107002,0.006744989,0.03635568640834865
psychiatric,iadl_lag1,0,0.1224160106582258,0.008828501,0.04374817062509768
psychiatric,iadl_lag2,0,0.15376259195648403,0.0067239227,0.05349550487794072
psychiatric,iadl_worsening,0,0.1856430542472767,0.0069334055,0.06419215325899479
psychiatric,immediate_recall,0,0.39529453944441073,0.0047942093,0.13336291623620986
psychiatric,immediate_recall_lag1,0,0.1518947249503543,0.0050888546,0.05232785984382398
psychiatric,immediate_recall_lag2,0,0.12631250225158233,0.0046700733,0.04366085850994355
psychiatric,large_muscle,2,2.39620595950911,0.008996593,1.468400850781234
psychiatric,large_muscle_lag1,1,0.41781216290598083,0.0075081782,0.4751067803825106
psychiatric,large_muscle_lag2,0,0.264412607140689,0.0075899246,0.0906675105851885
psychiatric,lonely,0,0.1769718613341764,0.004522543,0.06049813475634705
psychiatric,lonely_lag1,0,0.11433962297278667,0.0063154055,0.040218342817783435
psychiatric,lonely_lag2,0,0.0578550756784994,0.0056811743,0.021178750006696206
psychiatric,low_cognition,0,0.2904260756327285,0.0074362215,0.09928743236606563
psychiatric,marital_status,0,0.34639201298440847,0.005247901,0.11721330472606868
psychiatric,marital_status_lag1,0,0.39113494789126235,0.005664965,0.13226663767636723
psychiatric,marital_status_lag2,0,0.4541130649069852,0.0051480634,0.15308704277359467
psychiatric,memory_decline_lag1,0,0.0677201327426561,0.0051360666,0.024285399774903335
psychiatric,memory_recall,0,1.8666486736963313,0.007195218,0.6246146305656307
psychiatric,memory_recall_lag1,0,0.567126974808731,0.0065534087,0.1912267944995093
psychiatric,memory_recall_lag2,0,0.5717223201066365,0.0050719394,0.19226475318049754
psychiatric,memory_worsening,0,0.2839913095499466,0.0043849456,0.09612541838744913
psychiatric,metabolic_risk,1,0.0,0.0059801103,0.3353267034205298
psychiatric,mobility,0,0.19611576603424352,0.004886947,0.06700090438027118
psychiatric,mobility_decline_lag1,0,0.0,0.004554656,0.0015182186228533585
psychiatric,mobility_lag1,0,0.14381547352212073,0.0052756816,0.04969705171233218
psychiatric,mobility_lag2,0,0.1454633752226894,0.004710698,0.05005802441910124
psychiatric,mobility_worsening,0,0.03586765801729184,0.0042905817,0.013386079899375377
psychiatric,new_adl_problem,0,0.0,0.009563667,0.003187888922790686
psychiatric,new_iadl_problem,0,0.0,0.005506401,0.00183546698341767
psychiatric,new_mobility_problem,0,0.0,0.0050668474,0.0016889491428931553
psychiatric,obese,0,0.14516479233926893,0.00322281,0.04946253414791942
psychiatric,out_of_pocket,0,3.0113684454712626,0.0061337673,1.0058340709272642
psychiatric,out_of_pocket_lag1,3,0.7957582605470891,0.005282368,1.2670135428641298
psychiatric,out_of_pocket_lag2,1,0.8108154419329002,0.0056552114,0.6054902177764719
psychiatric,overweight,0,0.16972867134035838,0.005608803,0.05844582482243979
psychiatric,quit_smoking,0,0.07486694235006881,0.0062266015,0.02703118129827881
psychiatric,rapid_weight_gain,0,0.21869321786470966,0.0032895394,0.07399425241055672
psychiatric,rapid_weight_loss,0,0.09458063447058754,0.0016381656,0.03207293334309196
psychiatric,restless_sleep,0,0.12949122430734042,0.0046844888,0.04472523768735331
psychiatric,restless_sleep_lag1,0,0.07925454340647334,0.0061526224,0.028469055269395888
psychiatric,restless_sleep_lag2,0,0.2867335516199456,0.005976568,0.09757003986537412
psychiatric,screening_month,0,0.2502631596677583,0.004780613,0.08501459085123676
psychiatric,screening_year,1,1.7496265530281825,0.0062848977,0.9186371502365027
psychiatric,self_health_comp,0,0.17573647134180864,0.0040757223,0.059937397881683376
psychiatric,self_health_comp_lag1,0,0.1753310983708472,0.005169588,0.06016689550399684
psychiatric,self_health_comp_lag2,0,1.2478651920134922,0.005705807,0.41785699963528583
psychiatric,self_rated_health,3,6.892774007452607,0.01983928,3.3042044289354084
psychiatric,self_rated_health_lag1,0,0.7656665514859842,0.008832762,0.2581664378346101
psychiatric,self_rated_health_lag2,1,0.29440364000893693,0.006355736,0.433586458649311
psychiatric,serial7,0,0.72586220631785,0.0055158148,0.2437926736922291
psychiatric,serial7_lag1,0,0.2986767432155818,0.0048743766,0.10118370659856697
psychiatric,serial7_lag2,0,0.23313381562026858,0.0050429124,0.07939224268626015
psychiatric,sharp_cog_drop,0,0.08090659866003894,0.0037724958,0.028226364813393034
psychiatric,vigorous_activity,0,0.5657562425793656,0.005149242,0.19030182819396088
psychiatric,vigorous_activity_lag1,0,0.5208534952059326,0.0060016843,0.17561839318498762
psychiatric,vigorous_activity_lag2,2,1.126123137876206,0.0063851075,1.0441694151336331
psychiatric,weight,1,1.0494259698936537,0.006324772,0.6852502472284501
psychiatric,weight_change_kg,1,0.06256798994900399,0.005232301,0.35593343034133845
psychiatric,weight_change_pct,0,0.9235136394596062,0.0052412595,0.309584966308821
psychiatric,weight_lag1,1,0.9306363902211798,0.0057462887,0.6454608929706319
psychiatric,weight_lag2,0,2.7443131824351443,0.0063032415,0.9168721413038536
psychiatric,working,0,1.0492546963487146,0.0059524993,0.35173573189664475
psychiatric,working_lag1,0,0.08300145598518013,0.0058669434,0.02962279979269425
psychiatric,working_lag2,0,0.09292464620495375,0.004927515,0.032617387085737574
psychiatric,years_since_last_screening,1,0.38740304577511153,0.004831858,0.46407830125146976
memory,adl,0,0.0019357062694642462,0.0041454746,0.0020270603027513798
memory,adl_decline_lag1,1,0.0,0.0059098154,0.33530327181021374
memory,adl_lag1,0,0.0,0.005657437,0.0018858122639358044
memory,adl_lag2,1,0.0,0.004129451,0.3347098169227441
memory,adl_worsening,0,0.22933600761830059,0.0076149153,0.07898364095916101
memory,age,7,10.111430120825542,0.024194084,5.711874734977806
memory,age_squared,0,7.667699276099202,0.020630466,2.562776580639878
memory,age_x_bmi,4,0.9067774778486506,0.0052241227,1.6373338668381576
memory,age_x_cesd,4,3.1894683097067578,0.0070366277,2.398834979147567
memory,any_adl,0,0.37151708604378675,0.00956382,0.12702696882679454
memory,any_iadl,3,1.8233357917562496,0.017320253,1.6135520149037366
memory,any_mobility,0,0.0,0.004182007,0.0013940023879210155
memory,birth_year,1,4.560377721832395,0.006824846,1.8557341892487307
memory,bmi,2,0.9886674826279289,0.0054004486,0.9980226437332732
memory,bmi_accel,2,0.21006838081694978,0.0052005504,0.7384229770809158
memory,bmi_delta_lag1,2,0.6530318704098306,0.0047752894,0.8859357199519821
memory,bmi_delta_lag2,3,0.4739157967182208,0.005864954,1.159926916935368
memory,bmi_lag1,1,0.2555525678274804,0.005682139,0.42041156900641896
memory,bmi_lag2,0,0.23544612080861652,0.0052625216,0.0802362141232839
memory,bmi_x_smoking,0,0.44795279913849384,0.0060027093,0.15131850280267248
memory,cesd,1,0.7852930352494361,0.0078060445,0.5976996932623367
memory,cesd_increase,1,0.44163841440614887,0.005787019,0.48247514451944773
memory,cesd_lag1,2,0.6208967551917043,0.006236966,0.8757112403199145
memory,cesd_lag2,0,0.17354397732968557,0.007236986,0.060260321095024307
memory,cesd_worsening,0,0.0,0.0045453953,0.0015151317541797955
memory,chronic_depression,0,0.17515293205209106,0.0036250346,0.05959265554651628
memory,cog_decline_lag1,2,0.1616302616391226,0.0052700345,0.7223000987265223
memory,cog_decline_lag2,3,0.00010082226474570492,0.0051664715,1.0017557645782977
memory,cog_decline_x_age,0,0.5333462005655597,0.005081674,0.17947595821654236
memory,cog_worsening,0,0.0,0.0026857455,0.0008952484931796789
memory,cognition,2,6.0066348325560615,0.014854252,2.6738296949648235
memory,cognition_lag1,5,1.7794459056902918,0.0069368123,2.2621275726659924
memory,cognition_lag2,2,2.219132214261709,0.0065521835,1.4085614659322196
memory,condition_count,1,3.0503451208083723,0.009887808,1.3534109762703013
memory,condition_count_lag1,3,0.3860820637956167,0.006319864,1.1308006426610022
memory,condition_count_lag2,0,0.0022914300738663034,0.0047381516,0.0023431938784450475
memory,current_smoker,0,0.0,0.009271701,0.0030905669555068016
memory,current_smoker_lag1,0,0.0,0.008411925,0.002803975095351537
memory,current_smoker_lag2,0,0.3138971129697995,0.0053330725,0.10641006182523027
memory,degree,0,0.6683303742912576,0.0063441475,0.2248915072611526
memory,delayed_recall,3,8.158462166145314,0.038911235,3.7324578002442483
memory,delayed_recall_lag1,0,1.6761095161033326,0.0065436848,0.5608844002847093
memory,delayed_recall_lag2,1,0.12547729446708406,0.0050576837,0.37684499271576355
memory,depressed,0,0.08871940048858629,0.004323681,0.03101436045790747
memory,depressed_lag1,1,0.1382683449320789,0.005391841,0.3812200619183579
memory,depressed_lag2,0,0.0,0.00751913,0.0025063767097890377
memory,depression_x_mobility,4,0.5868358607973169,0.011139996,1.5326586190490428
memory,drink_days_week,0,0.5970863884464592,0.0068516214,0.2013126699614257
memory,drink_days_week_lag1,0,0.15609622638013082,0.0061954856,0.05409723732400642
memory,drink_days_week_lag2,0,0.0003866281145251701,0.0062595787,0.0022154022867791156
memory,drinks_per_day,1,0.0,0.006261411,0.33542047037432593
memory,drinks_per_day_lag1,0,0.0,0.004867372,0.0016224573676784833
memory,drinks_per_day_lag2,0,0.0,0.0063103274,0.0021034424814085164
memory,drinks_per_week,4,0.1961993252095655,0.007815234,1.401338186524215
memory,edu_cat,0,0.00018012316616574598,0.0061770924,0.0021190718676222684
memory,education,2,0.8446961891887612,0.006240295,0.9503121613231146
memory,effort,0,0.0,0.0061866944,0.0020622314574817815
memory,effort_lag1,0,0.0,0.0065733064,0.0021911021322011948
memory,effort_lag2,0,0.0,0.0052996115,0.0017665371609230836
memory,elevated_depression,0,0.0,0.0012031826,0.0004010608730216821
memory,ethnicity,0,0.21011223099782564,0.0058114845,0.07197457184279792
memory,ever_smoked,0,0.0,0.0041018385,0.0013672794836262863
memory,ever_smoked_lag1,0,0.0,0.0043944987,0.0014648328845699627
memory,ever_smoked_lag2,0,0.09966943976970387,0.0044561476,0.034708529107080145
memory,female,0,0.0,0.0058665853,0.001955528433124224
memory,fine_motor,1,1.211962495102566,0.018470425,0.7434776400871016
memory,fine_motor_lag1,0,0.100165076767702,0.005318519,0.0351611986537937
memory,fine_motor_lag2,0,0.01569816886103079,0.0037222502,0.006473473029926172
memory,former_smoker,0,0.0,0.003587578,0.0011958593192199867
memory,frailty_score,0,0.6222654168401371,0.005906559,0.20939065863379872
memory,gross_motor,0,0.6270027414466456,0.012589197,0.2131973127070571
memory,gross_motor_lag1,0,0.20184763671387604,0.005138779,0.0689954719243095
memory,gross_motor_lag2,0,0.09317044314039298,0.0040498953,0.03240677949055217
memory,health_crash,1,0.0,0.007087977,0.3356959923791389
memory,health_decline_lag1,0,0.023792061216280424,0.0062573305,0.010016463916465827
memory,health_decline_lag2,0,0.18492064347281661,0.006015303,0.06364531551728515
memory,health_worsening,0,0.0,0.0059086587,0.0019695529093345008
memory,heavy_drinking,0,0.13702321857136898,0.003555104,0.04685944082500177
memory,height,0,0.711173844813937,0.0052006496,0.23879149814186296
memory,height_lag1,2,0.12225367277819814,0.0067169173,0.7096568633490433
memory,height_lag2,1,0.25926969542932365,0.0060814098,0.42178370172723084
memory,high_depression,0,0.0,0.005092423,0.0016974743145207565
memory,iadl,0,1.431961004222458,0.010013087,0.48065803031458637
memory,iadl_decline_lag1,0,0.0,0.006226369,0.0020754563932617507
memory,iadl_lag1,1,2.5238771627808223,0.011190214,1.1783557923250598
memory,iadl_lag2,1,0.11192621950467196,0.007940919,0.3732890462143877
memory,iadl_worsening,0,0.0,0.0064004976,0.002133499210079511
memory,immediate_recall,0,0.19897756759969698,0.0075836484,0.06885373867724771
memory,immediate_recall_lag1,0,0.5117563836764624,0.006578527,0.17277830353391932
memory,immediate_recall_lag2,0,0.7566286760698224,0.005600733,0.2540764697622248
memory,large_muscle,0,0.42557243393424166,0.0053144163,0.1436289500621061
memory,large_muscle_lag1,0,0.0,0.0048746634,0.0016248878091573715
memory,large_muscle_lag2,2,0.0,0.0067963004,0.6689321001370748
memory,lonely,0,0.08300000165420382,0.004038383,0.02901279481382042
memory,lonely_lag1,0,0.0,0.004721225,0.0015737415912250678
memory,lonely_lag2,0,0.0,0.00572496,0.001908320002257824
memory,low_cognition,0,0.3272984316336969,0.008901925,0.11206678548663389
memory,marital_status,0,0.009063603632925762,0.004929137,0.004664246861149474
memory,marital_status_lag1,0,0.0,0.00579324,0.0019310799737771351
memory,marital_status_lag2,1,0.0,0.0065840087,0.3355280028966566
memory,memory_decline_lag1,2,0.1307236206910153,0.0052175894,0.7119804033763256
memory,memory_recall,3,9.498147280419875,0.032159857,4.176769045957264
memory,memory_recall_lag1,1,1.478067199324828,0.007312156,0.8284597850397267
memory,memory_recall_lag2,0,0.3709947557061413,0.0056286734,0.12554114302196434
memory,memory_worsening,0,0.0,0.002571913,0.0008573043160140514
memory,metabolic_risk,0,0.0,0.0064168917,0.0021389639005064964
memory,mobility,1,0.0,0.007009193,0.3356697309451799
memory,mobility_decline_lag1,1,0.0,0.006176186,0.33539206193139154
memory,mobility_lag1,0,0.17917696384275197,0.0049937665,0.061390243463000455
memory,mobility_lag2,1,0.1562221147968953,0.0062098783,0.38747733101595055
memory,mobility_worsening,0,0.0,0.004327644,0.0014425480427841346
memory,new_adl_problem,0,0.0,0.007162818,0.0023876060731709003
memory,new_iadl_problem,0,0.20797286666379997,0.0072603878,0.07174441814239366
memory,new_mobility_problem,1,0.0,0.0069029136,0.33563430452098447
memory,obese,0,0.0,0.0,0.0
memory,out_of_pocket,4,0.8068675735282806,0.0056966157,1.6041880630660523
memory,out_of_pocket_lag1,3,1.628556655629482,0.005924556,1.5448270705227243
memory,out_of_pocket_lag2,1,0.6199852083761732,0.006232309,0.5420725058437798
memory,overweight,0,0.0,0.004461124,0.0014870413579046726
memory,quit_smoking,2,0.0,0.0049397345,0.6683132448233664
memory,rapid_weight_gain,0,0.0,0.0,0.0
memory,rapid_weight_loss,0,0.0,0.0045690364,0.0015230121401449044
memory,restless_sleep,0,0.0,0.0042612692,0.001420423078040282
memory,restless_sleep_lag1,0,0.0,0.0042653424,0.0014217807911336422
memory,restless_sleep_lag2,0,0.0,0.0065799346,0.002193311539789041
memory,screening_month,0,0.0,0.0049919123,0.00166397076100111
memory,screening_year,0,0.16853403184313054,0.0044148094,0.057649613748402974
memory,self_health_comp,0,0.09693890726687615,0.005401407,0.03411343805656534
memory,self_health_comp_lag1,1,0.13637946264699913,0.0054103397,0.3805966007767645
memory,self_health_comp_lag2,0,0.013419114631027415,0.004743886,0.006054333603749816
memory,self_rated_health,0,2.285897264844176,0.010065303,0.7653208560094228
memory,self_rated_health_lag1,3,0.1933663066296263,0.0069158725,1.0667607263601815
memory,self_rated_health_lag2,0,0.22064946839142055,0.0061095045,0.0755863242954122
memory,serial7,1,0.0,0.0043529603,0.33478432008996606
memory,serial7_lag1,0,0.0,0.0054612267,0.0018204088943699996
memory,serial7_lag2,2,0.0,0.006412596,0.6688041986587147
memory,sharp_cog_drop,0,0.0,0.001863881,0.0006212936714291573
memory,vigorous_activity,1,0.34184297877487774,0.005092228,0.4489784022021202
memory,vigorous_activity_lag1,0,0.0,0.0,0.0
memory,vigorous_activity_lag2,0,0.0,0.0,0.0
memory,weight,2,1.4256339244566563,0.005650755,1.143761559824884
memory,weight_change_kg,2,0.21200414335028803,0.005321738,0.7391086270649283
memory,weight_change_pct,4,0.09552756688587581,0.0050019026,1.3668431564887122
memory,weight_lag1,1,2.800433504267583,0.0060184263,1.2688173101789586
memory,weight_lag2,2,0.46565966666038244,0.0057334118,0.8237976928065068
memory,working,1,3.231823430743835,0.022197608,1.4180070128828361
memory,working_lag1,0,0.16755658364385445,0.008932007,0.0588295300630731
memory,working_lag2,0,0.0,0.0059320484,0.0019773494762678943
memory,years_since_last_screening,5,0.054439702420674474,0.005312965,1.686584222402173
